,Title,Published_date,Views,Likes,Favorites,Comments,Month
0,Tata और Bugatti का connection | How JRD Tata Became the First Indian To own A Bugatti in India,2022-09-22,131451,9810,0,212,Sep
1,"सबसे बड़ा सवाल, Scorpio-N या XUV700 ? | My XUV700 Ownership Experience After Scorpio-N Launch",2022-09-19,130022,8787,0,357,Sep
2,Harrier Electric को सस्ता बनाने की Genius Strategy | How Tata Will Make its Harrier EV Super Cheap,2022-09-17,119815,8034,0,274,Sep
3,India में Land Cruiser को book कराना आसान नहीं | Problems with Booking Land Cruiser LC300 in India,2022-09-14,155998,10841,0,290,Sep
4,Scorpio-N से ज़्यादा ध्यान तो Mahindra ने इस SUV पे दिया | My SsangYong Rexton 4x4 Review,2022-09-11,154924,10497,0,590,Sep
5,अब Bookings का एक और Record बनने वाला है | Mahindra XUV400 Official Details,2022-09-09,175137,9680,0,378,Sep
6,Harrier के 4 Edition बनाने की Genius Strategy | Why TATA is launching so Many Special Editions Cars,2022-09-07,159671,10244,0,321,Sep
7,एक SUV ने SsangYong को बंद होने से बचा दिया | How Torres SUV Saved SsangYong from Bankruptcy,2022-09-04,160346,9461,0,211,Sep
8,"कैसे है Thar में Gurkha से Double Power ? | Horsepower, Torque, CC and RPM Explained",2022-09-02,97863,8269,0,333,Sep
9,"Indian Wrangler, Scorpio-N वाले Platform पे | 2023 Mahindra Thar 5 Door Details",2022-08-30,171471,11611,0,523,Aug
10,"Tata का एक और Edition, JET EDITION | Tata Safari, Nexon, Harrier Jet Edition Explained",2022-08-27,166248,11110,0,504,Aug
11,2 साल में Indian Brands की Sales double होने का कारण | Why Indians are Buying more Indian Cars,2022-08-26,134410,11030,0,409,Aug
12,₹ 87 लाख की Bulletproof Fortuner की Power | Levels of Bulletproof Cars Explained,2022-08-23,162474,11784,0,368,Aug
13,सीधा ₹ 3 लाख से Price घटा दिया !! | Mahindra Scorpio Classic Official Price Details,2022-08-20,204997,13140,0,494,Aug
14,कैसे देंगे Mahindra 3 लाख SUVs की Delivery | How Mahindra is Reducing Waiting Period On Cars,2022-08-19,204146,11889,0,494,Aug
15,अब Scorpio-N की wait करे या सीधा इन्हे ले | Mahindra's New XUV and BE Electric SUVs Details,2022-08-16,224813,13016,0,559,Aug
16,Mahindra ने तो Scorpio Classic लेने की भी वजह देदी | 2022 Mahindra Scorpio Classic Full Details,2022-08-12,394607,15643,0,511,Aug
17,"Finally, Tata ने खरीद ही लिया Ford का Car Plant ! | How Tata Bought Ford's India Car Plant So Cheap",2022-08-08,272854,15842,0,555,Aug
18,Legender में Innova का Engine और ₹ 8 लाख का फरक | 2022 Toyota Fortuner Leader Official Details,2022-08-06,229923,12442,0,393,Aug
19,Mahindra और Land Rover के बीच का connection | Mahindra is Using Land Rover's Technique for its SUVs,2022-08-04,204911,11713,0,345,Aug
20,सचमे 1 Minute में 25000 bookings हो गई ? | The Reality of Mahindra Scorpio-N Bookings,2022-07-31,192463,11612,0,699,Jul
21,एक साथ दो Scorpio बेचने की Genius strategy | Why Mahindra will Sell Scorpio Classic along Scorpio-N,2022-07-29,214763,11706,0,367,Jul
22,"Scorpio-N के 4WD और THAR के 4X4 का असली फरक | Difference between 4WD, 4X4, AWD, RWD, FWD",2022-07-27,538097,26487,0,668,Jul
23,Tata और Mahindra ने भी Safe SUVs बनाना इससे सीखा | How Volvo Makes the Safest Cars in the World,2022-07-23,560315,19117,0,1000,Jul
24,"एक में Mileage ज़्यादा, एक में Looks | 2022 Suzuki Grand Vitara Vs Toyota Hyryder",2022-07-20,185806,9589,0,635,Jul
25,Suzuki की अपनी छोटी Land Cruiser ? | How Grand Vitara Became the Flagship SUV Of Suzuki,2022-07-18,129736,8556,0,251,Jul
26,XUV400 हराएगी Tata Motors को ? | How Mahindra will beat Tata in the EV Race with its XUV400,2022-07-16,155516,9872,0,1041,Jul
27,"क्यों है Fortuner, Toyota की Luckiest SUV ? | How Toyota Fortuner Became the King of 7 Seater SUVs",2022-07-13,203701,13291,0,664,Jul
28,Mahindra के Parts तो Maruti से भी सस्ते निकले | XUV700 Vs Tree Accident and Repair Cost,2022-07-09,178120,10134,0,456,Jul
29,अपनी Scorpio-N की सबसे पेहली Delivery | Booking 2022 Mahindra Scorpio-N Part 1,2022-07-07,190204,11461,0,330,Jul
30,india में 0 Star और America में 5 Star | Why Car Brands Sell Low Safety Cars in India,2022-07-05,253331,11644,0,665,Jul
31,अकेली Creta Rival जो असली SUV है | 2022 Toyota Hyryder Hyrbid SUV Official Launch Details,2022-07-01,169577,10105,0,1411,Jul
32,India की अपनी Land Cruiser | 2022 Mahindra Scorpio-N Full Interior and Exterior Walkaround,2022-06-30,177489,11343,0,476,Jun
33,₹ 17 लाख में 4x4 Fortuner Killer | 2022 Mahindra Scorpio-N Official Launch Price,2022-06-27,344354,21148,0,1081,Jun
34,Tata की जगह Mahindra ने ले ली ? | Mahindra's New Safety Record even Tata cant Break,2022-06-24,170556,11554,0,723,Jun
35,ये Mini Thar तो Americans का प्यार है | How Mahindra Won America with its Roxor SUV,2022-06-22,199670,10658,0,310,Jun
36,अकेली SUV जो Fortuner को हरा पाई | How Ford Endeavour Created The 7 Seater SUV Segment of India,2022-06-19,480694,26136,0,628,Jun
37,Your Next SUV Will be a Coupe SUV | Why Coupe SUVs are the Next Big Trend Coming in SUVs,2022-06-15,116967,7997,0,298,Jun
38,The Secret 4XPLOR Modes of 2022 Scorpio-N | 2022 New Mahindra Scorpio-N Secret Details,2022-06-12,183146,11371,0,511,Jun
39,इसने तो Fortuner का भी record तोड़ दीया | 2022 Hyundai Creta N-line Official Details,2022-06-09,136159,7502,0,360,Jun
40,Scorpio-N का Secret Platform | Why Mahindra is Still Betting Big on Body On Ladder SUVs,2022-06-07,232124,12189,0,342,Jun
41,जुगाड़ ने बना दिया India का EV King | Tata Motor's Insane Strategy to Win India EV Car Market,2022-06-03,174154,10030,0,339,Jun
42,Land Rover की पेहली 8 Seater SUV | 2022 New Land Rover Defender 130 Official Details,2022-05-31,213797,12133,0,360,May
43,असली Big Daddy Of SUVs तो ये है | How Toyota Made Land Cruiser the Greatest SUV in The World,2022-05-28,284595,16525,0,698,May
44,Land Rover SUVs की सबसे बड़ी कमी | JLR's Reliability Issues and How they are Fixing it,2022-05-24,249593,13489,0,477,May
45,सबसे बड़ी Indian 4x4 SUV | New 2022 Mahindra Scorpio N Official Details,2022-05-21,543755,23279,0,776,May
46,Car Brands खुद चाहते है उनके Spy-Shots लीक हो | How Car Camouflage Cover Testing Works,2022-05-17,267204,17198,0,305,May
47,सचमे 2022 Scorpio Gloster की Copy है ? | The Real Looks of 2022 New Mahindra Scorpio,2022-05-15,289768,18210,0,770,May
48,Velar से बढ़िया तो इसकी Looks बना दी | New 2023 Range Rover Sport Launch Details,2022-05-12,229862,11814,0,469,May
49,आज तक की सबसे Hi-tech TATA SUV | Tata Nexon EV MAX Full Launch Review,2022-05-11,231000,12647,0,525,May
50,इतनी बुराई तो हम S-Presso की भी नहीं करते | How Tata Indica Became the Most Hated car in The Europe,2022-05-10,324033,13121,0,760,May
51,SUVs के बड़े PAPA आ ही गए | 2022 New Mahindra Scorpio Official Launch Details,2022-05-07,227520,15926,0,556,May
52,Scorpio तो Africa जाके भी Best-Seller बन गई | How Mahindra Won South Africa with its Scorpio Lineup,2022-05-04,577111,23464,0,545,May
53,अब तो TATA ने Ford की Factory भी लेली | Why Tata Motors Has Bought Ford's India Factory,2022-05-01,422519,16841,0,500,May
54,इस गाड़ी के लिए तो Tata ने अपना logo तक बदल दिया | 2022 Tata AVINYA SUV Official Details,2022-04-29,160730,10658,0,388,Apr
55,"एक SUV Tata, Hyundai को हराने को | Can This New SUV Help Maruti Regain 50% Market Share",2022-04-26,222542,9501,0,414,Apr
56,अबसे हर गाड़ी में 6 Airbag मिलेंगे | How Indian Government is Forcing Car Makers to Give 6 Airbags,2022-04-24,162256,9292,0,739,Apr
57,X7 छोटी बची है इसके आगे | 2022 New BMW 7 Series Official Launch Details,2022-04-21,189477,9607,0,396,Apr
58,"असली Fortuner killer SUV मिल ही गई, और आखरी भी | 2022 New Hyundai Palisade India Launch Details",2022-04-18,224112,10328,0,577,Apr
59,तभी Creta की 3 star और Punch की 5 Star Rating है | How Global NCAP Gives Star Rating Explained,2022-04-15,751965,18252,0,691,Apr
60,XUV700 Vs Safari तक ही नहीं है इनकी RIVALRY | How Mahindra and Tata Became Biggest Rivals in India,2022-04-12,1868070,46608,0,1069,Apr
61,अब ₹ 60 लाख की Fortuner के लिए तैयार हो जाओ | Why Car Prices are Increasing So much,2022-04-09,239879,10694,0,391,Apr
62,"Tata तो अब seriously Creta के पीछे लग गए है, Coupe SUV | Tata CURVV SUV Official Details",2022-04-06,236082,12956,0,609,Apr
63,ये और  Rexton ही अब आखरी उम्मीद है Fortuner को हराने की | 2022 Jeep Meridian India Launch Details,2022-04-04,247936,17636,0,526,Apr
64,"चले थे दूसरी Land Rover बनाने, Bankrupt हो गए | Why Mahindra Failed To Revive Ssangyong Motors",2022-04-02,713021,16253,0,498,Apr
65,बिना TAX भरे 2022 Endeavour India में | Importing 2022 Ford Endeavour to India with ATA Carnet,2022-03-30,171466,10675,0,401,Mar
66,2022 Pajero को अब बस सपने में ही ले पाओगे | How Mitsubishi Motors Failed in India,2022-03-27,327581,14155,0,557,Mar
67,कोई सोच सकता है ये Tata की SUV है | Coolest Concept Cars that Never came To Reality,2022-03-24,228876,12017,0,370,Mar
68,"असली Jeep SUV तो अब आएगी, REAL 4X4 King | 2022 Jeep Grand Cherokee India Launch Details",2022-03-22,159471,10886,0,371,Mar
69,अब सारे Mahindra और Land Rover की राह पर है | Why Car Brands want To Launch More and More SUVs,2022-03-19,202959,11887,0,377,Mar
70,तभी किसी को अपनी गाड़ी Time पे नहीं मिल रही | How Car Dealers Scam People To Pay More for Their Cars,2022-03-16,136398,8733,0,221,Mar
71,तभी Toyota कोई SUV नहीं Launch कर रहा था | The Real Reason for the Toyota and Suzuki Collaboration,2022-03-14,399239,12720,0,1157,Mar
72,अब तो 2022 Ford Endeavour India में आके ही रहेगी | Importing 2022 Ford Endeavour to India,2022-03-11,364605,17676,0,538,Mar
73,आखिर असली SUV होती क्या है ? | Every Car Segment Explained,2022-03-09,279431,18097,0,727,Mar
74,इतने में तो 10 Fortuner आ जाए | Speccing India's Most Expensive Mercedes Maybach S680,2022-03-08,272970,24811,0,122,Mar
75,"गाड़ी Crash कोई करे, फाएदा Tata का | How Tata Motor's Sales Increases when People Crash Their Car",2022-03-06,275413,16465,0,553,Mar
76,बस ये SUV Ford को दोबारा ला सकती है | 2022 New Ford Endeavour Official Launch Details,2022-03-01,1178334,30978,0,1291,Mar
77,"Compact SUV में 4x4 देना आसान नहीं, पर Jeep देगी | Why Jeep Will Only Launch A Compact SUV with 4X4",2022-02-26,115728,8186,0,248,Feb
78,Nexon में Harrier से ज़्यादा Feature दे दिए | Tata SUV's Kaziranga Edition Explained,2022-02-23,235426,12542,0,712,Feb
79,TATA की वजह से Tesla नहीं launch हो पा रही | How Tata is Not Allowing Tesla to Launch in India,2022-02-22,142642,10698,0,548,Feb
80,अबसे Mahindra की सिर्फ Luxury SUVs | Why Mahindra wants To Become India's Most Premium SUV Maker,2022-02-20,327766,15963,0,517,Feb
81,अब लेना 2022 Endeavour के मज़े | How Indian Government is Helping Ford to Re-enter India,2022-02-16,1060223,28486,0,801,Feb
82,अब Maruti में भी होगी TATA वाली Safety | New Indian NCAP Safety Rating System Explained,2022-02-15,183558,10633,0,613,Feb
83,"SUV तो बढ़िया बना दी, पर ये Features भूल गए | Things Mahindra Needs To Improve in 2022 XUV700",2022-02-13,225789,12917,0,457,Feb
84,I Tried Selling My 2022 XUV700 For ₹ 100 and Everyone was Shocked,2022-02-11,553604,21678,0,487,Feb
85,Land Rover को SUV King बनाने का सफर | How Tata Motors Gave Rebirth To Jaguar Land Rover,2022-02-08,212605,15221,0,322,Feb
86,बस Harrier का ये Velar Edition आ जाए | Building 2022 Tata Harrier Facelift,2022-02-06,277656,14618,0,643,Feb
87,"सिर्फ 2 साल में Mahindra तक को पीछे छोड़ दिया, Amazing Strategy | Why Kia Is Growing So fast in India",2022-02-03,317820,14552,0,598,Feb
88,₹ 12000 करोड़ की Land Rover लेने की असली वजह | The Real Reason Tata Motors Bought Jaguar Land Rover,2022-01-30,458072,28060,0,639,Jan
89,"Facelift बनाना कोई MG से सीखे, सारे Features डाल दिए | 2022 New MG ZS EV India Launch Details",2022-01-28,101637,5822,0,342,Jan
90,"Rolls Royce का Engine बना लिया, पर Thar को नहीं हरा पाए | Why Force Motors Don't Sell Cars Like TATA",2022-01-25,1055468,25103,0,572,Jan
91,अब Isuzu D-max भी Discontinue न हो जाए इस Fortuner Truck के कारण | Toyota Hilux India Launch Details,2022-01-21,164069,9535,0,474,Jan
92,Failure SUV से छोटी Land Rover तक | Tata Safari Rebirth Explained,2022-01-20,485077,18263,0,716,Jan
93,"Safari को तो पूरा Land Rover बना दिया, पेहली Black Safari | Tata Safari Dark Edition Details",2022-01-17,267965,12339,0,497,Jan
94,Phone से अपनी XUV700 को चला लो बिना चाबी के | Mahindra XUV700 cool Adrenox Features,2022-01-15,621989,25199,0,656,Jan
95,"सबसे बड़ी Range Rover, वोह भी 7 सीटर | 2022 New Range Rover SUV India Launch Details",2022-01-13,265405,13171,0,373,Jan
96,"इसने Safari तक को हरा दिया, तभी है SUV KING | How Mahindra Won Indian SUV Market with Scorpio",2022-01-11,582386,25445,0,456,Jan
97,XUV700 की इसी बात की वजह से Tata Safari नहीं ली | Mahindra XUV700 AX7 Owner Review,2022-01-09,281514,16690,0,958,Jan
98,Taking the Delivery Of Our XUV700 was the Best Experience Ever | Storytime,2022-01-06,326695,18456,0,835,Jan
99,"Hyundai को तो हरा ही दिया, अब बस Maruti बची है | Tata Motors Extreme Growth Strategy Explained",2022-01-03,569407,20756,0,1341,Jan
100,"ये थी असली Hyundai SUV, पर सबको Creta की पड़ गई | 2022 Hyundai Tucson India Launch Details",2021-12-31,128380,7277,0,384,Dec
101,Doing Full PDI Checkup of Our New Mahindra XUV700,2021-12-28,123123,10004,0,520,Dec
102,इसने तो Velar का भी Record तोड़ दिया | 2022 Range Rover Sport Accessories are So Expensive,2021-12-27,90976,6298,0,252,Dec
103,"XUV700 को छोड़ो, 2022 Scorpio बुक करवाना | Top 10 New Cars Launching in 2022",2021-12-25,323942,14132,0,479,Dec
104,सारे Award तो XUV700 और Range Rover ही ले गई | carversal car Awards 2021,2021-12-23,163202,11984,0,568,Dec
105,Fortuner लेने वाले इसके launch के बाद रोएंगे | 2022 New Ford Endeavour Launch Details,2021-12-19,290583,14142,0,582,Dec
106,7 Seater Seltos तो कुछ और ही निकल गई | 2022 Kia Carens SUV or MPV India Review,2021-12-16,101822,8909,0,452,Dec
107,6 लाख के तो इसके Alloys ही आ गए | Configuring 2022 Range Rover Velar with All Accessories,2021-12-15,437786,16061,0,373,Dec
108,7 Seater Thar भी बना ही दी | Finally the 2023 5 Door Mahindra Thar is Here,2021-12-14,281966,18608,0,507,Dec
109,"आज XUV700 BOOK करवाओ, 2023 में Delivery लो | XUV700 Real Life Waiting Period",2021-12-11,285216,21427,0,108,Dec
110,Honda ने Creta तो छोड़ो सीधा Harrier से पंगा लिया | 2022 Honda HRV SUV India Launch Details,2021-12-10,128746,6863,0,342,Dec
111,"Volkswagen भी फुल Speed पे है, 1 साल में 2 SUV | New 2022 Tiguan SUV Full Review",2021-12-08,67129,5490,0,572,Dec
112,"Maruti से तो बनी नहीं, तो हमने ही बना दी | I Made The ULTIMATE 2021 Suzuki Celerio",2021-12-06,192723,13462,0,974,Dec
113,Punch का Diesel Option आ गया तो ये तो Creta को भी हरा देगी | Top 10 Selling Cars of November 2021,2021-12-03,71264,6464,0,337,Dec
114,Hyundai की ये S-class Killer India में भी आ रही है | New 2022 Genesis G90 India Launch Details,2021-12-01,86652,6645,0,306,Dec
115,I Tried Selling a Hyundai Creta For ₹ 10 Online But No One Believed !!,2021-11-30,519340,22966,0,579,Nov
116,Maruti ने तो सचमे Segment Killer SUV बना दी | 2022 Maruti Suzuki Vitara Brezza Official Details,2021-11-27,143662,8847,0,622,Nov
117,Harrier से पेहले 4x4 तो S-cross में आ गया | 2022 Maruti Suzuki S-cross Details,2021-11-26,144215,7248,0,551,Nov
118,अब कोई बोल के देखे की Endeavour की बाप Fortuner है | 2022 New Ford Ranger India Launch Details,2021-11-25,84068,6604,0,325,Nov
119,"पेहले Baleno बनी Glanza, अब Ciaz बनी Belta | New Toyota Belta Official Launch Details",2021-11-20,113718,8471,0,472,Nov
120,Skoda भी अब Hyundai की राह पर है | 2021 Skoda Slavia Sedan Full Review,2021-11-18,105069,7258,0,472,Nov
121,"पेहले ₹ 35 लाख की नहीं ली, अब ₹ 60 लाख की Endeavour लेना | New 2022 Ford Endeavour Details",2021-11-16,133596,10402,0,727,Nov
122,2005 में Innova की और 2022 में इसकी बारी | 2022 Toyota Avanza Veloz 7 Seater India Launch Details,2021-11-14,199356,9449,0,887,Nov
123,Hyundai ने तो Creta को पूरा बदल ही डाला | 2022 New Hyundai Creta Facelift India Launch Details,2021-11-11,164628,7798,0,454,Nov
124,XUV700 ने तो Tata Punch का भी Record तोड़ दिया | 2021 XUV700 NCAP Safety Rating,2021-11-10,133215,10031,0,450,Nov
125,₹ 100 में ये Creta 30 Kilometer चल जाती है !! | My 2021 Hyundai Creta Petrol Review,2021-11-08,146586,9874,0,643,Nov
126,2022 Scorpio अब सीधा Fortuner को टक्कर देगी | Designing the 2022 Mahindra Scorpio,2021-11-06,239940,16620,0,502,Nov
127,"अभी तो बस Tata और Mahindra की SUVs आई है, बाकी तो अब आएंगी | 7 New Cars Launching in November 2021",2021-11-03,110405,8764,0,358,Nov
128,Safari और Harrier की शुरुवात तो Sierra ने ही की थी | 10 Amazing Facts about Tata Sierra SUV,2021-11-02,156082,10213,0,342,Nov
129,₹ 9 लाख में Skoda देगी Audi का मज़ा | 2021 Skoda Slavia Official Details,2021-10-29,74462,6143,0,300,Oct
130,आखिर कार Range Rover की भी 7 Seater SUV आ गई | 2022 New Range Rover SUV Full Review,2021-10-27,345547,17780,0,1000,Oct
131,ये Toyota SUV सचमे 2 Harrier के बराबर है ? | 2022 Toyota RAV4 SUV India Launch Details,2021-10-24,101734,7451,0,499,Oct
132,2012 में ये Mahindra SUV Fortuner की बाप थी | My 2014 Ssangyong Rexton Review,2021-10-22,466446,20355,0,1731,Oct
133,आज आप सबके साथ करी अपनी Land Rover Spec | Configuring 2021 Land Rover Defender with carversal Pros,2021-10-20,153897,10835,0,400,Oct
134,₹ 2 लाख तो Toyota एक Fortuner बेचके कमा रही है | Calculating Profit on Each Car Sold By Car Makers,2021-10-17,177707,11496,0,655,Oct
135,तभी इस Toyota SUV को Range Rover कहते है | 2022 New Lexus LX600 Launch Review,2021-10-14,149902,8265,0,625,Oct
136,ये नई SUV तो Endeavour से भी बड़ी है | 5 New Ford Cars Launching in India,2021-10-12,171617,11496,0,743,Oct
137,Mahindra के बाद अब Tata का नया logo | Designing Tata Motors New Logo for Tata Punch,2021-10-10,2632302,48750,0,4391,Oct
138,Kushaq का मज़ा एक Sedan में | 2021 Skoda Slavia Sedan India Launch Details,2021-10-09,110311,6241,0,440,Oct
139,अब Range Rover ले या उड़ने वाली कार ? | Vinata India Flying Car Launch Details,2021-10-07,74165,6840,0,537,Oct
140,Punch ने तो Land Rover वाली Off-roading कर दिखाई | 2021 Tata Punch Official Launch Details,2021-10-04,176439,10629,0,489,Oct
141,इस Indian Tesla मे तो 10 Creta की ताक़त है | 2021 Pravaig Extinction EV Launch Details,2021-10-03,223606,14681,0,514,Oct
142,XUV700 की Booking कराना आसान नहीं | Booking Procedure for 2021 Mahindra XUV700,2021-10-01,128431,7517,0,756,Oct
143,इसके 4x4 को तो Creta कभी नहीं हरा सकती | 2021 Suzuki Vitara 4X4 SUV India Launch Details,2021-09-30,122999,8248,0,528,Sep
144,अब तो Fortuner Legender में भी 4X4 आ गया | 2021 New Toyota Fortuner Updates,2021-09-28,163911,10037,0,1078,Sep
145,Tata Punch में तो Nexon से भी ज़्यादा फीचर है | 2021 Tata Punch Official Launch and Booking Details,2021-09-23,97825,7466,0,440,Sep
146,अब Tata Punch को ये SUV टक्कर देगी | 2022 Citroen C3 India Launch Details,2021-09-18,123999,9023,0,603,Sep
147,Off-roading में Thar की बाप है ये | 2021 New Force Gurkha 4X4 Launch Review,2021-09-16,191292,10445,0,703,Sep
148,XUV700 वाले Features तो अब Creta में भी है | 2022 New Hyundai Creta Launch Details,2021-09-14,189584,9573,0,765,Sep
149,Endeavour चली गई पर ये SUV आ गई | 2021 Ford Mustang Mach-E SUV India Launch Details,2021-09-12,162949,11511,0,802,Sep
150,Safari भी XUV700 से कुछ कम नहीं | 2021 Mahindra XUV700 Vs Tata Safari,2021-09-09,460541,16601,0,1129,Sep
151,Duster भी 7 Seater में आ गई ? | 2021 Renault Duster 7 Seater Review,2021-09-05,111936,6128,0,403,Sep
152,XUV700 का Top Model तो Safari से भी सस्ता है | 6 New SUVs Launching this 2021 Diwali,2021-09-04,183202,8217,0,463,Sep
153,एक Creta के दाम में 4 Hyundai SUV | 2021 Hyundai Casper Micro SUV Launch Details,2021-09-01,151286,7172,0,712,Sep
154,Fortuner को हराने की आखरी उम्मीद ? | 2021 Jeep Commander 7 Seater SUV Review,2021-08-30,157030,8174,0,498,Aug
155,₹ 5 लाख की Harrier ? | 2021 Tata Punch Micro SUV Official Launch Details,2021-08-25,201049,9859,0,691,Aug
156,अब XUV700 ले या MG Astor ? | 2021 MG Astor SUV Official Launch Details,2021-08-21,221952,8153,0,899,Aug
157,इसके Interior में तो BMW वाले Controls है | 2021 XUV700 Full Interior and Exterior Walkaround,2021-08-17,226256,12221,0,890,Aug
158,₹ 12 लाख में तो ये 2 Creta के बराबर है | 2021 Mahindra XUV700 Official Variant Price Details,2021-08-15,458832,18710,0,1224,Aug
159,इनका भी Seltos और Creta वाला हाल है | Skoda Kushaq Vs Volkswagen Taigun Full Comparison,2021-08-13,183329,5702,0,393,Aug
160,Creta से ज़्यादा Power अब i20 में मिलेगी | 2021 Hyundai i20 N-Line India Launch Details,2021-08-11,88827,5512,0,392,Aug
161,Kushaq से ज़्यादा पैसा वसूल तो Taigun निकली | 2021 Volkswagen Taigun SUV Full Review,2021-08-09,101224,5633,0,436,Aug
162,Endeavour भी शर्मा जाए XUV700 के Feature देखकर | 2021 XUV700 New Looks and Official Features,2021-08-06,182779,10489,0,727,Aug
163,अगर ऐसा हुआ तो Fortuner के दाम में Tesla मिलेगी | Tesla Cars India Prices,2021-08-03,103698,8156,0,438,Aug
164,ये क्या कर दिया XUV700 के साथ ? | 2021 Mahindra XUV700 Official Looks and Launch,2021-07-31,348054,10637,0,1726,Jul
165,Palisade से पेहले तो Hyundai की ये SUV आएगी | 2021 Hyundai IONIQ 5 SUV India Launch Details,2021-07-29,95535,6438,0,363,Jul
166,एक Land Rover 5 Thar के बराबर ? | 2021 Land Rover Defender 90 India Review,2021-07-26,178022,9591,0,478,Jul
167,Nexon EV की भी बाप है Altroz EV | 2022 Tata Altroz EV Launch Details,2021-07-24,297615,11479,0,642,Jul
168,अब Chevrolet की तरह Ford भी ना चली जाए | Ford's India Exit Plan Details,2021-07-20,315942,12684,0,1011,Jul
169,TUV300 में Bolero का मज़ा | TUV300 Vs Mahindra Bolero Neo,2021-07-18,204669,6986,0,461,Jul
170,ये है असली Isuzu का 4x4 Truck | 2022 Isuzu D-max Truck India Launch Details,2021-07-16,99387,5703,0,353,Jul
171,Renault की Creta तो 2012 में ही आ गई थी | Top 7 Forgotten 4X4 SUVs of India,2021-07-14,228724,10615,0,519,Jul
172,जो Endeavour नहीं कर पाई वो Jeep करके दिखाएगी | 2022 Jeep Commander 7 Seater SUV Details,2021-07-10,196408,8521,0,470,Jul
173,"अब Harrier देगी Range Rover वाली looks | Tata Nexon, Altroz, Harrier Dark Edition Review",2021-07-07,123027,7922,0,519,Jul
174,Kia Sonet के दाम में Jeep Compass के 4x4 का मज़ा | 2022 Jeep Junior 4X4 SUV Details,2021-07-05,175833,7054,0,374,Jul
175,Kushaq के बाद अब Skoda Kodiaq की बारी है | 2021 New Skoda Kodiaq Petrol SUV Launch Details,2021-07-03,89773,4839,0,436,Jul
176,1970 की Range Rover आज भी Fortuner जैसी SUVs की बाप है | 10 Unknown Facts about Land Rover,2021-07-01,234360,12160,0,576,Jul
177,अब लोग Seltos को ना भूला दे Kushaq के लिए | 2021 Skoda Kushaq SUV Full Review,2021-06-28,101866,5552,0,587,Jun
178,4X4 के साथ तो Safari Fortuner को टक्कर देगी | Best New Feature Changes For Indian SUVs,2021-06-26,221119,10827,0,570,Jun
179,इसे तो छोटी Range Rover भी केह सकते है | 2021 Jaguar F-pace SUV India Review,2021-06-24,118856,7192,0,695,Jun
180,2022 Scorpio के आगे तो Safari भी कम है | 2022 Mahindra Scorpio SUV Launch Details,2021-06-22,504360,14742,0,696,Jun
181,इस Range Rover के पीछे तभी सब पागल है | 2021 New Range Rover Velar India Review,2021-06-18,296683,12539,0,765,Jun
182,Fortuner से ज़्यादा मेहंगा तो इसका Paint है | 2021 Mercedes Maybach GLS 600 Luxury SUV Review,2021-06-16,232402,9487,0,632,Jun
183,लोग Creta को भुला देंगे इसके Launch के बाद | 2021 Hyundai Alcazar 7 Seater SUV Cool Features,2021-06-14,238748,8748,0,591,Jun
184,RAV4 तो India में पेहले से ही आती है | 2022 Lexus NX SUV India Launch Details,2021-06-13,47256,3287,0,215,Jun
185,Land Cruiser तो सचमे 5 Fortuner के बराबर है | 2022 Toyota Land Cruiser LC300 Review,2021-06-10,408723,13724,0,1000,Jun
186,2021 Kia Sportage में तो XUV700 वाली Screens है | 2021 New Kia Sportage SUV Review,2021-06-09,81251,3874,0,375,Jun
187,Jeep Junior होगी India की पेहली 4X4 Micro SUV | 8 New Important SUVs launching soon,2021-06-07,152461,6204,0,276,Jun
188,Isuzu D-max के दाम में Fortuner की ताक़त | 2021 Toyota Hilux Truck India Launch Details,2021-06-04,110776,4929,0,354,Jun
189,Chevrolet की ये SUV आज Creta की जगह पर होती | 5 Discontinued Car Brands we Want back in India,2021-06-02,198153,8785,0,441,Jun
190,XUV900 के आगे तो BMW X6 भी फीकी लगेगी | 9 New Mahindra SUVs launching Soon,2021-05-30,257809,10611,0,497,May
191,तभी सब Tata HBX के लिए रुके हुए है | 2021 Tata HBX Micro SUV India Launch Details,2021-05-28,262773,8368,0,621,May
192,नई Safari में तो सचमे Land Rover के features है | Same Cars Sold under Different Brands,2021-05-25,1018432,29744,0,1054,May
193,World's Hardest Car Quiz Ever - ONLY FOR EXPERTS,2021-05-22,36975,2558,0,145,May
194,Hector से ज़्यादा पैसा वसूल है Astor | 2021 MG Astor SUV India Launch Details,2021-05-20,116664,3501,0,323,May
195,Seltos और Creta को अब बड़ा झटका लगने वाला है | Most Important New Cars launching in 2021,2021-05-18,191924,5667,0,328,May
196,Octavia के आगे तो Jeep Compass भी फीकी लगती है | 2021 Skoda Octavia India Review,2021-05-15,89970,3874,0,327,May
197,काश इन गाड़ियों की अदला बदली हो जाए | Best Cars to Replace in India (PART 2),2021-05-13,439455,17267,0,629,May
198,असली SUV का मज़ा तो Discovery में ही है | 2021 New Land Rover Discovery India Launch Details,2021-05-10,165096,7090,0,422,May
199,काश इन गाड़ियों की अदला बदली हो जाए | Best New Cars to Replace in India,2021-05-07,585631,19187,0,1000,May
200,Fortuner के दाम में सबसे मज़ेदार SUV | 2021 Volkswagen ID.4 Electric SUV India Launch Details,2021-05-04,43567,2144,0,118,May
201,Taigun तो Kushaq से भो ज़्यादा पैसा वसूल निकली | 2021 Volkswagen Taigun SUV Details,2021-04-30,120270,3309,0,215,Apr
202,XUV700 से ज़्यादा Hi-tech SUV आज तक नहीं आई | 2021 Mahindra XUV700 Luxury SUV Details,2021-04-28,491730,12672,0,572,Apr
203,Fortuner के दाम में Tesla से ज़्यादा मज़ा | Will Nio beat Tesla in EV SUV Race,2021-04-24,60153,3306,0,163,Apr
204,इसके आगे तो Baleno भी भूल जाओगे | 2021 Volkswagen POLO India Launch Review,2021-04-22,272143,7185,0,689,Apr
205,Creta के दाम में Hyundai का 4x4 Truck | 2021 Hyundai Santa Cruz Review,2021-04-19,268686,4727,0,747,Apr
206,गाड़ी के अंदर 55 Inch की Touchscreen | 2021 Mercedes EQS Luxury EV Launch Review,2021-04-16,119981,5884,0,242,Apr
207,इस एक Chip की वजह से Thar पे 8 महीनो की waiting है | Global Chip Shortage Explained,2021-04-15,36779,2318,0,106,Apr
208,इसके आगे तो Palisade को भी भूल जाओगे | 2021 Hyundai Staria Luxury MPV Launch Review,2021-04-13,52189,2736,0,143,Apr
209,7 Seater SUVs की तो बौछार हो रही है | Hyundai Alcazar and Kia Sonet 7 Seater Review,2021-04-08,46991,2002,0,150,Apr
210,नई 2021 Hummer तो सचमे King of SUVs है | New 2021 Hummer SUV Full Review,2021-04-04,892435,26884,0,571,Apr
211,सस्ते में Kia की Urus Killer SUV | 2021 Kia EV6 Electric SUV Detail Review,2021-03-31,143039,4523,0,225,Mar
212,Ford की Rover MG Hector के दाम में | 2021 Ford Territory SUV India Launch Details,2021-03-29,137738,2982,0,177,Mar
213,अब Hyundai देगी Bentley का मज़ा | Genesis Cars India Launch Details,2021-03-26,57750,2708,0,189,Mar
214,अब Creta मिलेगी Venue के दाम में | New Vehicle Scrappage Policy Explained,2021-03-22,57551,2551,0,168,Mar
215,अब Kushaq ही Creta और Seltos को टक्कर देगी | 2021 Skoda Kushaq Launch Review,2021-03-18,93107,3287,0,221,Mar
216,नई 2021 E-class में तो 5 series से भी ज़्यादा दम है | 2021 Mercedes-Benz E-class India Review,2021-03-16,16459,1210,0,94,Mar
217,Hyundai की ये SUV पानी बनाती है | Hyundai Nexo Hydrogen Car India Launch Review,2021-03-14,160186,4191,0,197,Mar
218,आम आदमी की S-class है ये | 2021 New Mercedes-Benz C-class India Review,2021-03-08,79169,3063,0,175,Mar
219,क्या Nexon EV की range झूठ है ? | Tata Nexon EV Range Controversy Explained,2021-03-05,173334,7583,0,428,Mar
220,Creta और Venue के बाद अब एक और SUV | 2021 Hyundai Bayon Compact SUV Review,2021-03-02,64253,1908,0,166,Mar
221,इन SUVs के साथ Mitsubishi तो Toyota को पेल देगी | Best Mitsubishi SUVs for India,2021-02-26,80366,3725,0,203,Feb
222,Hyundai की ये SUV तो Palisade से भी ज्यादा Hi-tech है | 2021 Hyundai Ioniq 5 Review,2021-02-23,70540,2612,0,139,Feb
223,अब Seltos और Creta से Honda टक्कर लेगी | New 2021 Honda HRV SUV Full Details,2021-02-19,200648,4263,0,237,Feb
224,अब THAR को भी होगा Tata से खतरा | New Tata Sierra 4X4 SUV Details,2021-02-16,863352,19510,0,499,Feb
225,ऐसी Police Cars काश India में होती | Craziest Police Cars around the World,2021-02-12,151996,7242,0,282,Feb
226,Jeep की अकेली 7 Seater SUV | 2021 Jeep Grand Cherokee L Review,2021-02-09,120787,4970,0,230,Feb
227,"अब BMW, Audi लोगे या फिर Apple Car ? | Apple Kia Car First Details",2021-02-06,108377,5332,0,152,Feb
228,Comfort में तो इस SUV के आगे Mercedes भी कुछ नहीं | 2021 Citroen C5 Aircross SUV India Review,2021-02-02,119143,3232,0,184,Feb
229,अब Tesla में PS5 की तरह GTA V चलेगी | 2021 Tesla Model S Plaid+ Review,2021-01-31,40456,2456,0,99,Jan
230,"शकल Land Rover की, मज़ा Innova का | 2021 Tata Safari Full Review",2021-01-27,482334,11432,0,726,Jan
231,"अब BMW, Mercedes लेने के बजाए लोग Tesla लेंगे | Why Tesla will Rule India's Luxury Segment",2021-01-25,144443,7262,0,214,Jan
232,₹ 15 लाख में G-Wagon का मज़ा देगी ये Maruti SUV | 2021 Suzuki Jimny 4X4 SUV India Launch Review,2021-01-22,85729,3898,0,127,Jan
233,इस Ford की SUV के अंदर bottle Opener आता है  | 2021 Ford Bronco Sport India Review,2021-01-19,145795,4724,0,383,Jan
234,नई Safari तो Land Rover के टक्कर की है | 2021 New Tata Safari Magical Walkaround,2021-01-16,274759,6456,0,265,Jan
235,अब लोग Endeavour लेके क्या करेंगे ? | 2021 Ford Ranger India Launch Review,2021-01-12,67082,2876,0,124,Jan
236,Compass वाला मज़ा Hector कहा दे पाएगी | 2021 New Jeep Compass 4X4 SUV Review,2021-01-07,61520,2525,0,291,Jan
237,अब Endeavour और Gloster का क्या ही होगा ? | 2021 New Fortuner / Legender Review,2021-01-06,433153,12027,0,1274,Jan
238,Hyundai और Kia को अब TATA से बचके रहना पड़ेगा | The Rebirth of Tata Motors explained,2021-01-02,3528435,61295,0,1425,Jan
239,Fortuner के दाम में अब मिलेगा Tesla का मज़ा | Tesla Model 3 Official India Launch Details,2020-12-29,110072,5132,0,225,Dec
240,इस एक SUV के आगे 3 Land Rover भी कम है | Rolls Royce Cullinan India Review,2020-12-25,369848,12793,0,694,Dec
241,2020 में तो SUVs ने ही राज करा है | Top 10 Best Cars of 2020,2020-12-23,115232,4538,0,157,Dec
242,इन 10 गाड़ियों का 2021 में राज होगा | Top 10 New cars launching in 2021,2020-12-19,537755,8307,0,291,Dec
243,इन गाड़ियों के दाम पिछले 10 सालो में दोगुना हो गए है | 7 Cars with Highest Increase in Prices,2020-12-15,395433,12593,0,371,Dec
244,इस 8 Seater SUV के आगे तो Land Cruiser भी छोटी लगती है | 2021 Nissan Patrol India Review,2020-12-11,37721,1639,0,75,Dec
245,Hyundai की ईस नई SUV में तो पूरा Bentley का मज़ा है | 2021 Genesis GV70 Luxury SUV Review,2020-12-08,61053,1928,0,116,Dec
246,Jaguar की इस SUV के आगे तो Tesla भी घबरा जाये | Jaguar I-Pace SUV India Full Review,2020-12-05,92407,4462,0,167,Dec
247,ईस नई Volvo के आगे C-class भी बच्ची लगेगी | Volvo S60 Sedan India Launch Review,2020-12-01,98897,2900,0,166,Dec
248,₹ 27 लाख में Endeavour से भी बड़ी 7 Seater SUV | 2021 Nissan X-Terra India Review,2020-11-28,89763,2467,0,227,Nov
249,Vladimir Putin की गाड़ी तभी ₹ 1400 करोड़ की है | 9 Best Presidential Cars in the world,2020-11-26,645829,17919,0,401,Nov
250,₹ 18 लाख में SUV लेना भूल जाओगे इसके लांच के बाद | 2021 Hyundai Elantra India Launch Review,2020-11-23,243267,5314,0,271,Nov
251,इसके आगे तो Rolls Royce भी बच्ची लगती है | 2021 S-class Maybach S680 Review,2020-11-20,943334,23622,0,821,Nov
252,Chevrolet की ये SUV आज Seltos से भी ज्यादा बिकती | 2021 Chevrolet Trailblazer SUV Review,2020-11-17,196750,4924,0,320,Nov
253,8 सीटर SUV हो तो Hyundai Palisade जैसी | Hyundai Palisade SUV India Launch Review,2020-11-13,258698,7883,0,277,Nov
254,₹ 16 लाख में इन गाड़ियों को आँख बंद करके ले लो | 5 Best Cars under Rs 16 Lakh On-Road,2020-11-09,243142,6135,0,220,Nov
255,नई 2021 XUV500 के आगे Creta भी बेकार लगेगी | 2021 Mahindra XUV500 7 Seater SUV Feature Details,2020-11-06,231270,5987,0,219,Nov
256,2021 से सब उड़ने वाली गाड़ी लेंगे | PAL-V Flying Car India Launch Review,2020-11-03,31007,992,0,60,Nov
257,₹ 30 लाख में ये ही असली 7 Seater SUV है | 2021 Isuzu MUX India Launch Review,2020-10-30,213839,4832,0,179,Oct
258,Toyota GR Yaris के आगे तो Supra भी फीकी लगती है | Toyota GR Yaris Review,2020-10-28,31993,788,0,39,Oct
259,नई Hyundai i20 में तो पुरे Creta वाले फीचर है | 2020 Hyundai i20 Best Features,2020-10-24,113264,2259,0,228,Oct
260,नई Hummer मैं 25 Fortuner की ताक़त है | 2021 Hummer EV Super SUV India Full Review,2020-10-22,243528,7319,0,224,Oct
261,"Toyota के आगे Hyundai, Maruti तो सचमे बच्चे है | All 49 Toyota Worldwide Cars",2020-10-17,207634,5526,0,215,Oct
262,ऐसे Features सिर्फ Discovery में ही मिलेंगे | Reasons Land Rover Discovery is the Best 7 Seater SUV,2020-10-11,274745,9346,0,193,Oct
263,October में तो नई गाड़ियों की बारिश हो रही है | 7 New Car Launches in October 2020,2020-10-08,42434,1250,0,71,Oct
264,इस SUV में ₹ 30 लाख में Rolls Royce वाला मज़ा है | DS7 Crossback Luxury SUV India Launch Review,2020-10-05,112557,4092,0,121,Oct
265,इस गाडी का एक Oil Change ₹ 15 लाख का है | Top 10 Crazy Facts about Bugatti Cars,2020-10-02,487535,17574,0,504,Oct
266,नई Octavia के बाद SUV लेना भूल जाओगे | 2021 Skoda Octavia India Launch Review,2020-09-30,89703,1629,0,128,Sep
267,इन SUVs के पीछे दुनिया पागल है | Top 10 Highest Selling SUVs in the World,2020-09-28,80136,2494,0,121,Sep
268,"ये तो Fortuner को कच्चा चबा जाएगी | 2020 MG Gloster 7 Seater Premium SUV | Interior, Price Review",2020-09-25,142336,5445,0,255,Sep
269,Kia और MG के बाद अब है Citroen की बारी | 6 Best New Citroen Cars for India,2020-09-23,113316,2219,0,100,Sep
270,"तभी Toyota Land Cruiser दुनिया की सबसे कठोर SUV है | Best Off-Roading, Tug of War Stunts",2020-09-17,153537,6328,0,305,Sep
271,"New 2021 Hyundai Tucson SUV - ₹ 20 लाख में MG Hector से बढ़िया Features | Price, Features, Launch",2020-09-15,56310,1284,0,165,Sep
272,Why Land Rovers are the King of SUVs - 110 टन का truck खींच लिया | Off-Roading Stunts,2020-09-13,523702,24529,0,554,Sep
273,अब तो Endeavour में भी Mustang वाला मजा है | 2020 Ford Endeavour Sport Review,2020-09-10,29697,1222,0,74,Sep
274,अब तो Jeep की भी 7 Seater SUV आ गयी  | 2021 Jeep Grand Wagoneer SUV Review,2020-09-04,142855,4991,0,176,Sep
275,"2021 Mercedes S-Class Review - दुनिया की सबसे Hi-Tech गाड़ी | Price, Interior, Features",2020-09-02,272175,7973,0,228,Sep
276,20 लाख में पूरा Ferrari वाला मजा है -  Fiat 124 Spider Cheapest Convertible Car India  Review,2020-08-31,64194,2554,0,119,Aug
277,Kia Sonet तो Seltos की भी बाप निकली | 4 Reasons to Buy Kia Sonet over Seltos,2020-08-27,44737,1251,0,90,Aug
278,असली मज़ा तो इन 7 SUVs में है | 7 Best Real Offroading SUVs of India,2020-08-25,397527,18330,0,524,Aug
279,"Toyota Hilux को देखकर Creta, Seltos को भूल ही जाओगे | 2020 Toyota Hilux SUV India Launch Review",2020-08-23,105600,2950,0,151,Aug
280,नई Kia Carnival में तो पूरा S-Class वाला मज़ा है | 2021 Kia Carnival Luxury MPV Full Review,2020-08-20,154348,6137,0,214,Aug
281,काश Chevrolet इन 5 गाड़ियों के साथ वापस आ जाये | 5 Best Chevrolet Cars for India,2020-08-18,101180,2720,0,211,Aug
282,नई Mahindra Thar के आगे Jeep Wrangler भी बेकार लगती है | New 2020 Mahindra Thar Review,2020-08-16,108335,5076,0,183,Aug
283,अब Fortuner की जगह इसको लेना | Mercedes-Benz GLB Cheapest 7 Seater Luxury SUV Review,2020-08-13,63305,2644,0,129,Aug
284,असली 7 सीटर SUVs इन्हे कहते है | 5 Best Premium 7 Seater SUV Cars in India,2020-08-10,252843,7743,0,318,Aug
285,Kia Sonet के सामने तो Hyundai Venue भी कचरा है | 2020 Kia Sonet SUV Full Features Price Review,2020-08-07,132295,1990,0,221,Aug
286,"अब Jaguar भारत में Audi, BMW को हिला डालेगी | Jaguar E-Pace Best 5 Seater Luxury SUV Review",2020-08-05,49839,2472,0,117,Aug
287,Skoda Superb तो Endeavour जैसी SUVs की पापा है | 5 Reasons to buy 2020 Skoda Superb over Fortuner,2020-08-03,27635,1200,0,72,Aug
288,ईन 9 नई SUVs को आँख बंद करले ले लेना | 9 New SUV Cars Lauching in India in 2020,2020-08-01,492585,12900,0,423,Aug
289,नई Fortuner Legender तो Endeavour को खतम ही कर देगी | 2021 Toyota Fortuner India Launch Review,2020-07-30,67690,2575,0,184,Jul
290,Ford F-150 Endeavour जैसी सारी SUV का बाप है | 2021 Ford F-150 Super Truck India Review,2020-07-27,104775,4450,0,175,Jul
291,Tata Harrier इसलिए भारत की सबसे शानदार SUV है | 5 Reasons Tata Harrier is the Best SUV of India,2020-07-25,63164,4829,0,250,Jul
292,Toyota की ये SUVs Creta या Hector को बर्बाद कर देंगी | 5 Best Toyota 5 Seater SUVs for India,2020-07-23,951640,17675,0,658,Jul
293,Range Rover को तभी SUV का राजा कहते है | 5 Reasons why Range Rover is the Best SUV Money can Buy,2020-07-20,534203,24175,0,653,Jul
294,नई 2020 Bronco तो Endeavour को कच्चा चबा जाएगी | 2020 Ford Bronco SUV Full Feature Review,2020-07-15,362017,13062,0,358,Jul
295,Land Rover Defender 7 Seater SUV India Review - Ladakh जाना हो तो ईस SUV को आँख बंद करके ले लो,2020-07-11,148802,9357,0,214,Jul
296,2020 Toyota Corolla Cross SUV India Review - Corolla अब SUV बन गई,2020-07-09,132580,3525,0,99,Jul
297,Toyota Rush को तभी baby Fortuner कहते है | Toyota Rush 7 Seater SUV India Review,2020-07-05,39563,1397,0,113,Jul
298,Tata Altroz सच में Baleno की बाप है | 5 Reasons to Buy Tata Altroz over Maruti Baleno,2020-07-02,753000,19934,0,784,Jul
299,Audi Q2 के सामने MG Hector भी कूड़ा लगती है | Audi Q2 5 Seater Cheapest Luxury SUV India Review,2020-06-30,153180,5069,0,262,Jun
300,ईन 6 गाड़ियों को सबने कम समझा था | 6 Most Underrated Cars and SUVs in India,2020-06-28,681491,20627,0,630,Jun
301,नई 2020 Mercedes GLS SUV पूरा 7 Star होटल है | 2020 Mercedes-Benz GLS400D Luxury SUV India Review,2020-06-26,59861,2603,0,89,Jun
302,Nissan की ये 5 गाड़ियां भारत में सबको हिला डालेगी | 5 Best New Nissan Cars for India,2020-06-24,94564,2802,0,130,Jun
303,Mitsubishi Xpander ही Ertiga का खेल ख़तम करेगी | Xpander 7 Seater MPV India Launch Review,2020-06-22,654471,13275,0,491,Jun
304,नई 2020 Pajero तो Fortuner को ख़तम कर देगी | 2020 Mitsubishi Pajero Sport SUV India Launch Review,2020-06-17,272262,8229,0,397,Jun
305,इन 8 गाड़ियों के लांच पे सब पागल हो जाएँग | 8 Best Paisa Vasool Luxury Cars for India,2020-06-15,426328,8987,0,205,Jun
306,Nissan Patrol SUV नहीं पूरा महल है | 2020 Nissan Patrol 8 Seater Luxury SUV India Review,2020-06-13,120081,3136,0,166,Jun
307,"₹ 13 लाख में ये Creta से ज्यादा बढ़िया है | 5 Reasons to Buy Mahindra XUV300 W8 Over Creta, Seltos",2020-06-10,30866,1642,0,127,Jun
308,"Tata HBX Micro SUV - ₹ 6 लाख में सबकी बाप SUV | Premium Looks, Luxury Interior, Launch Price",2020-06-07,54062,1779,0,111,Jun
309,"New 2020 Toyota Fortuner Review - इसके आगे सारी SUV फेल है | Price, Features, Launch Review",2020-06-04,83663,2819,0,169,Jun
310,Hyundai की ये नई 7 सीटर SUV Fortuner को ख़तम कर देगी | 2021 Hyundai Santa Fe SUV Launch Review,2020-06-03,51718,1795,0,83,Jun
311,"नई 2020 Seltos सच मे Creta की बाप है | 2020 New Kia Seltos Features, Price and Review",2020-06-02,55016,2000,0,121,Jun
312,Toyota Supra के लांच के बाद Mustang तो गई | 2020 Toyota Supra Budget Sports Car India Review,2020-05-31,209862,7793,0,416,May
313,ईन 6 SUV को कोई नहीं पूछता | Top 6 Flop SUVs Cars of India,2020-05-29,38317,1225,0,100,May
314,Ford Endeavour सही में Fortuner की बाप है | 5 Reasons to Buy 2020 Ford Endeavour over Fortuner,2020-05-27,198754,8996,0,447,May
315,"Skoda की ईन 3 नई गाड़ियों को आँख बंद करके ले लो | 2020 Skoda Karoq, Superb, Rapid Launch Review",2020-05-26,85058,2532,0,126,May
316,"नई BMW 2 Series होगी भारत की सबसे सस्ती Luxury Car | Bmw 2 Series Gran Coupe India Price, Review",2020-05-24,40070,1821,0,93,May
317,Fortuner को तभी Endeavour की बाप कहते है | 2020 Toyota Fortuner 4X4 SUV Review,2020-05-23,27217,1241,0,135,May
318,"₹ 20 लाख में HECTOR भी इसके आगे कुछ नहीं | 2020 Jeep Compass 4X4 SUV Review | Price, Features",2020-05-21,53092,1675,0,119,May
319,"Toyota Sienna 9 Seater MPV - INNOVA के दाम में BMW का मजा | Price, Features, Launch Review",2020-05-20,110935,3379,0,96,May
320,ईन 5 गाड़ियों को चालाने में है असली मज़ा | 5 Best Paisa Wasool Performance Cars in India,2020-05-17,16877,685,0,68,May
321,Skoda Kodiaq VRS Endeavour से भी ज़्यादा पैसा वसूल है | 7 Seater Diesel Performance SUV Review,2020-05-15,15980,641,0,45,May
322,Kia की ये नई 5 लाख की गाड़ी Swift की बाप है | Kia Picanto Hatchback India Launch Review,2020-05-14,29546,919,0,61,May
323,Honda की ईन 5 में से एक गाडी का लांच भी तबाही मचा देगा | 5 Best New Honda Cars for India,2020-05-13,19627,667,0,41,May
324,तभी एक Rolls Royce ₹ 11 करोड़ की आती है  | Best Unknown Shocking Facts about Rolls Royce Cars,2020-05-12,599457,25463,0,456,May
325,Volvo की ये SUV Fortuner से भी ज़्यादा पैसा वसूल है | Volvo XC40 T4 R-design Luxury SUV Review,2020-05-10,242104,8094,0,292,May
326,Mahindra XUV400 7 सीटर SUV का भारत में राज होगा | New XUV400 Premium Mahindra SUV India Launch,2020-05-09,571691,13472,0,343,May
327,नई Skoda Rapid 2020 के आगे Honda city एकदम बेकार है | New 2020 Skoda Rapid TSI India Launch,2020-05-08,107794,2819,0,204,May
328,"2020 Hyundai i20 ₹ 6.5 लाख में Baleno killer है | 2020 Hyundai i20 New Features, Launch in India",2020-05-06,38324,1523,0,90,May
329,HYUNDAI की ये 4 लक्ज़री गाड़िया BMW की बाप है आधे दाम में | Genesis Luxury Cars India Launch Review,2020-05-05,290432,9201,0,239,May
330,ये 5 नई 7 सीटर SUV ही है असली SUV | 5 Best New 7 Seater SUV Cars for India,2020-05-04,1588069,29762,0,529,May
331,Hyundai की ईस नई 7 सीटर SUV के लांच के बाद Toyota का खेल ख़तम | Genesis GV80 India Review,2020-05-02,83089,3064,0,215,May
332,नई 2020 Superb के सामने Audi भी कुछ नहीं | 2020 Skoda Superb Luxury Sedan Features and India Launch,2020-05-01,71414,2177,0,165,May
333,Toyota RAV4 के लांच के बाद MG Hector तो गई काम से | Toyota RAV4 SUV India Launch Details,2020-04-30,565788,13436,0,482,Apr
334,Skoda Karoq SUV के सामने Kia Seltos कुछ नहीं | Skoda Karoq 5 Seater Premium SUV India Launch Review,2020-04-29,64011,2264,0,103,Apr
335,"Toyota की ईस गाड़ी के आगे Seltos, Creta कुछ नहीं | Toyota GT 86 Sport Car India Launch Review",2020-04-28,651075,21076,0,571,Apr
336,ईन 7 गाड़ियों की China ने नकली कापी बना डाली | 7 Best Copycat Knockoff Fake Cars in China,2020-04-27,144963,7846,0,118,Apr
337,Toyota की ये नई 5 सीटर SUV Creta के लिए शामत है | 2020 Toyota Yaris Cross SUV India Launch Review,2020-04-26,201138,4952,0,190,Apr
338,Maruti की ईन 4 गाड़ियों के लांच के बाद Hyundai तो गई | 4 Best New Suzuki Cars Launch in India,2020-04-25,132893,3775,0,153,Apr
339,Maruti XL7 7 सीटर MPV के फीचर जबरदस्त है | 2020 New Suzuki XL7 MPV India Launch Review,2020-04-24,916385,19301,0,612,Apr
340,Ford की ये नई 7 सीटर SUV Endeavour की बाप है | Ford Explorer Premium SUV India Review,2020-04-23,97839,3323,0,116,Apr
341,New Volkswagen POLO तो Baleno से 10 गुना बढ़िया है | 2020 New VW Polo Hatchback India Launch Review,2020-04-22,35629,1355,0,106,Apr
342,Volkswagen की ईन 4 नई गाड़ियों को आँख बंद करके ले लेना | 4 New VW Cars Launching in India 2020-21,2020-04-21,67499,1874,0,73,Apr
343,Kia Sorento 7 सीटर SUV ही Fortuner का घमंड तोड़ेगी | 2020 Kia Sorento New 7 Seater SUV India Review,2020-04-19,77247,2481,0,171,Apr
344,2020 में लांच होगी 8 नई Market King SUVs | Top 8 New SUV Cars Launching By October 2020,2020-04-18,62404,1992,0,67,Apr
345,Toyota Harrier ही है सबसे पैसा वसूल 5 सीटर SUV | 2020 Toyota Harrier Mid Size Luxury SUV Review,2020-04-17,26822,1034,0,50,Apr
346,ईन 13 गाड़ियो का सफर APRIL 2020 से ख़तम हो गया | 13 Cars Discontinued in April 2020 Due to BS6 Norm,2020-04-16,30030,1366,0,79,Apr
347,Toyota Land Cruiser को तभी सारे Chief Minister पसंद करते है | Land Cruiser 8 Seater SUV India Review,2020-04-15,85476,3223,0,106,Apr
348,Skoda की ईन 5 नई गाड़ियों का होगा भारत पर राज | 5 New Skoda Cars SUVs Launching in India,2020-04-14,299364,7260,0,240,Apr
349,Citroen C5 है MG Hector की बाप कम दाम में | Citroen C5 Aircross French SUV India Launch Review,2020-04-13,40601,1408,0,93,Apr
350,ईन 6 SUVs को आँख बंद करके ले लो | 6 Best Value for Money Paisa Vasool SUV Cars in India,2020-04-12,4045409,72292,0,2317,Apr
351,Toyota Highlander 8 सीटर SUV है Fortuner की बाप उसी दाम में | Toyota Highlander India Launch Review,2020-04-11,59903,1906,0,78,Apr
352,2020 Honda City के फीचर आपका दिल जीत लेंगे | 2020 Honda City Luxury Sedan Launch Review,2020-04-09,53758,1317,0,157,Apr
353,Lincoln Navigator है सबसे लक्ज़री 8 सीटर SUV | Lincoln Navigator India Launch - Best 8 Seater SUV,2020-04-08,325597,13288,0,299,Apr
354,"CADILLAC की इन 8 गाड़ियों का भारत में राज होगा | Cadillac Luxury Cars India Price, Launch Review",2020-04-07,24002,1237,0,55,Apr
355,kia Stinger है Mustang की बाप आधे दाम में | 2020 Kia Stinger GT Performance Sedan India Review,2020-04-06,67926,1988,0,127,Apr
356,"Cadillac Escalade होगी भारत की सबसे बड़ी 8 SEATER SUV | Cadillac Escalade India Price, Launch Review",2020-04-05,73966,3654,0,162,Apr
357,TATA की ये 5 नई गाड़िया करेंगी भारत पे राज | 5 New Tata Cars Launching in India,2020-04-04,88157,2084,0,102,Apr
358,Kia Telluride होगी भारत की सबसे पैसा वसूल SUV | Kia Telluride 7 Seater Endeavour Rival India Review,2020-04-03,67244,2440,0,117,Apr
359,₹ 20 लाख ON -ROAD में ये 7 सीटर गाड़िया सबसे पैसा वसूल है | 5 BEST 7 SEATER CARS UNDER RS 20 LAKH,2020-04-02,148177,4298,0,137,Apr
360,TOYOTA की इन 7 गाड़ियों के लांच के बाद सबका खेल ख़तम | 7 BEST NEW TOYOTA CARS TO LAUNCH IN INDIA,2020-04-01,1439774,39722,0,1211,Apr
361,ये 5 नई 7 सीटर SUV गाड़ियां 2020 में लौंच होगी | 5 NEW SUV CARS LAUNCHING IN INDIA IN 2020,2020-03-30,149482,3882,0,142,Mar
362,LINCOLN की गाड़ियां भारत में सबका खेल ख़तम कर देंगी | LINCOLN CARS INDIA LAUNCH AND FEATURES,2020-03-29,224956,6970,0,224,Mar
363,"2020 KIA SONET ₹ 7 लाख में होगी सबसे बढ़िया SUV | KIA SONET INDIA LAUNCH, INTERIOR PRICE DETAILS",2020-03-26,34353,700,0,37,Mar
364,ये 3 नई MITSUBISHI की गाड़ियां है फुल पैसा वसूल | 3 NEW MITSUBISHI CARS LAUNCHING IN INDIA,2020-03-25,213102,5167,0,183,Mar
365,₹ 10 लाख ON ROAD में 5 सबसे पैसा वसूल गाड़िया | 5 BEST PAISA WASOOL CARS UNDER RS 10 LAKHS ON ROAD,2020-03-24,1553861,28823,0,735,Mar
366,"2020 MG Hector 7 सीटर है MG की सबसे बढ़िया SUV कार | 6 and 7 SEATER MG HECTOR LAUNCH, PRICE",2020-03-23,158160,3227,0,117,Mar
367,Hyundai Palisade 7 सीटर SUV है Fortuner की बाप | Hyundai Palisade SUV India Launch details,2020-03-22,2813304,44523,0,1233,Mar
368,FORD की ये 6 नई गाड़िया है गजब | 6 Best New FORD CARS for India | 2020 FORD CARS,2020-03-21,284243,3606,0,162,Mar
369,"2020 NEW MARUTI SWIFT DZIRE BS6 Full Review - New Prices, Variants, and 24kmpl average | 2020 DZIRE",2020-03-20,76906,1511,0,53,Mar
370,2020 HYUNDAI CRETA vs KIA SELTOS VARIANT PRICE Comparison | 2020 Creta Vs Seltos Variant comparison,2020-03-16,44303,548,0,45,Mar
371,2020 CRETA OFFICIAL VARIANT PRICES | 2020 Hyundai Creta Variant wise prices,2020-03-16,8948,168,0,10,Mar
372,4 New Kia Cars Best for India | Kia की ये 4 नई गाड़िया होगी सबसे बढ़िया | 2020 kia Cars,2020-03-14,112320,2348,0,102,Mar
373,2020 HYUNDAI CRETA VS MAHINDRA SCORPIO | बाप बाप होता है,2020-03-12,491263,11827,0,1195,Mar
374,MG 360M India Launch - Rs 10 Lakh mein Ertiga se badiya MPV,2020-03-10,168209,3205,0,124,Mar
375,HYUNDAI की ये 5 नई कारें भारत में धूम मचाएंगी | 5 BEST NEW HYUNDAI CARS FOR INDIA,2020-03-09,148006,2885,0,113,Mar
376,"2020 HYUNDAI CRETA VS TATA HARRIER - Price, features, engines. and all details",2020-03-08,37758,1011,0,153,Mar
377,5 BIGGEST SUV CARS IN INDIA | Truck se badi SUVs,2020-03-08,950910,22386,0,830,Mar
378,2020 HYUNDAI CRETA BASE MODEL E-VARIANT FULL DETAILS | CRETA BASE VARIANT,2020-03-07,69628,674,0,44,Mar
379,5 REASONS TO BUY 2020 HYUNDAI CRETA OVER KIA SELTOS | CRETA VS SELTOS,2020-03-05,10198,161,0,23,Mar
380,5 REASONS KIA SELTOS IS BETTER THAN 2020 CRETA | 2020 CRETA VS SELTOS,2020-03-03,43545,623,0,131,Mar
381,"2020 HYUNDAI CRETA ALL DETAILS - Variants, price, interior, features and launch",2020-03-02,61649,632,0,31,Mar
382,7 NEW AMAZING CARS LAUNCHING IN MARCH 2020 IN INDIA,2020-02-29,32222,452,0,31,Feb
383,"2020 Hyundai i20 launch, new features and price | 2020 I20",2020-02-18,53956,754,0,34,Feb
384,2021 Kia Sorento all launch and feature details - best 7 seater Kia SUV,2020-02-17,29748,474,0,24,Feb
385,MARUTI SUZUKI JIMNY INDIA LAUNCH REVIEW - BETTER THAN 2020 THAR ?,2020-02-16,53353,838,0,50,Feb
386,2020 HYUNDAI VERNA INDIA LAUNCH DETAILS - MORE UPDATED AND FEATURE LOADED,2020-02-15,18183,275,0,16,Feb
387,2020 NEW HYUNDAI CRETA VS OLD CRETA - FULL COMPARISON,2020-02-09,57964,719,0,105,Feb
388,"MG GLOSTER 7 SEATER SUV PRICE, FEATURES,AND ALL DETAILS | BETTER THAN FORTUNER AND ENDEAVOUR",2020-02-07,26672,508,0,18,Feb
389,"2020 NEW HYUNDAI CRETA NEW FEATURES, PRICE AND LAUNCH | 2020 creta",2020-02-06,50955,795,0,26,Feb
390,"2020 MARUTI BREZZA PETROL BS6 SUV - NEW FEATURES, PRICE AND LAUNCH | 2020 brezza",2020-02-06,25255,440,0,14,Feb
391,"2020 FORD ENDEAVOUR BS6 NEW FEATURES, AND LAUNCH | ENDEAVOUR BS6 2.0L TURBO",2020-02-04,103637,1668,0,74,Feb
392,2020 BS6 TATA HARRIER AUTO NEW FEATURES AND PRICE | BEST INDIAN SUV,2020-02-03,88809,1486,0,53,Feb
393,"2020 HYUNDAI CRETA PRICE, LAUNCH AND ALL DETAILS | BETTER THAN SELTOS",2020-02-02,90531,985,0,48,Feb
394,MG MAXUS D90 IS THE 7 SEATER SUV BETTER THAN TOYOTA FORTUNER,2020-02-01,32495,422,0,27,Feb
395,2020 TATA HARRIER NEW FEATURES AND PRICE - BETTER THAN MG HECTOR,2020-01-27,154343,2078,0,181,Jan
396,2020 TOYOTA PRADO LAND CRUSIER IS JUST A FORTUNER | TOYOTA PRADO INDIA,2020-01-25,75370,1058,0,95,Jan
397,2020 HONDA CITY INDIA LAUNCH REVIEW - BETTER THAN 2020 VERNA,2020-01-24,155007,2091,0,73,Jan
398,TOYOTA LAND CRUISER SUV INDIA REVIEW - MORE RUGGED THAN RANGE ROVER,2020-01-23,95954,1999,0,91,Jan
399,"2020 TATA NEXON BS6 SUV INDIA LAUNCH, PRICE AND FEATURES | 2020 nexon",2020-01-16,38476,686,0,43,Jan
400,SKODA KAROQ KIA SELTOS RIVAL SUV INDIA LAUNCH DETAILS | BETTER THAN 2020 CRETA,2020-01-15,102857,1691,0,90,Jan
401,KIA CARNIVAL VS TOYOTA INNOVA COMPARISON | BEST 7 SEATER CARS OF INDIA,2020-01-14,46529,715,0,122,Jan
402,7 THINGS TO KNOW ABOUT 2020 MAHINDRA SCORPIO | scorpio 2020,2020-01-13,96489,1221,0,55,Jan
403,MG RS3 WILL BE THE KIA SELTOS AND CRETA RIVAL FROM MG UNDER RS 8 LAKHS,2020-01-11,43406,680,0,30,Jan
404,"5 NEW TOYOTA CARS COMING TO INDIA IN 2020 | 2020 FORTUNER, RUSH, CHR AND MORE",2020-01-10,327561,3563,0,265,Jan
405,MITSUBISHI XPANDER ERTIGA RIVAL LAUNCH IN INDIA IN 2020 | BEST MPV CAR OF INDIA,2020-01-08,57177,1268,0,63,Jan
406,"2020 NEW FORD ECOSPORT LAUNCH, PRICE AND ALL DETAILS | BEST COMPACT SUV",2020-01-07,457427,4386,0,179,Jan
407,6 NEW CARS FROM GREAT WALL MOTORS AND HAVAL LAUNCHING IN INDIA | GWM INDIA LAUNCH,2020-01-06,65922,1113,0,88,Jan
408,5 BEST 7 SEATER CARS IN INDIA 2020 | BEST 7 SEATER CARS UNDER RS 30 LAKHS,2020-01-05,192821,1931,0,126,Jan
409,7 NEW 7 SEATER SUV CARS LAUNCHING IN 2020 AT AUTO EXPO 2020,2020-01-04,78800,1058,0,58,Jan
410,6 NEW SUV CARS COMING IN 2020 AT AUTO EXPO 2020,2020-01-03,132025,1312,0,66,Jan
411,"2020 MARUTI ERTIGA SPORT INDIA LAUNCH, PRICE AND REVIEW | BEST VERSION OF ERTIGA",2020-01-02,1196621,16518,0,253,Jan
412,"Mitsubishi Pajero Sport India Launch, price and all details | BEST FORTUNER RIVAL",2020-01-01,159232,1785,0,71,Jan
413,"New 6 SEATER MG HECTOR SUV full details - pricing, launch and all features",2019-12-30,53312,705,0,23,Dec
414,5 NEW COMPACT SUV CARS LAUNCHING IN 2020 IN INDIA | SUB 4 METRE COMPACT SUV CARS COMING TO INDIA,2019-12-29,131175,910,0,46,Dec
415,5 BEST VALUE FOR MONEY CARS UNDER RS 15 LAKHS ON-ROAD | PAISA WASOOL CARS,2019-12-28,636150,6436,0,348,Dec
416,"2020 MARUTI VITARA BREZZA OFFICIAL LOOKS, LAUNCH AND ALL DETAILS | BETTER LOOKING THAN BEFORE",2019-12-27,92536,653,0,26,Dec
417,"2020 TOYOTA INNOVA CRYSTA CHANGES, PRICE AND ALL DETAILS | 2020 INNOVA",2019-12-26,91873,616,0,33,Dec
418,PEUGEOT 3008 INDIA REVIEW AND LAUNCH - FRENCH SUV CAR TO RIVAL MG HECTOR,2019-12-20,25676,541,0,47,Dec
419,4 BEST TOYOTA SUV CARS FOR INDIA | TOYOTA KI IN GADIYO KO INDIA MEIN LAO,2019-12-16,164760,2087,0,44,Dec
420,"2020 TOYOTA FORTUNER SUV NEW FEATURES, PRICE AND OTHER DETAILS | NEW FORTUNER 2020",2019-12-15,685093,10893,0,276,Dec
421,"2020 FORD EXPLORER INDIA REVIEW - LAUNCH, PRICE, FEATURES | FORD 7 seater SUV 2020",2019-12-14,103423,1066,0,60,Dec
422,"2020 MAHINDRA SCORPIO LAUNCH, FEATURES, PRICE AND ALL DETAILS | SCORPIO 2020",2019-12-12,131737,2247,0,154,Dec
423,"7 NEW HYUNDAI CARS LAUNCHING IN INDIA IN 2020 | 2020 I20, VERNA, CRETA",2019-12-11,219484,2023,0,84,Dec
424,2020 TOYOTA HIGHLANDER IS THE BEST 7 SEATER SUV FOR INDIA | TOYOTA HIGHLANDER INDIA,2019-12-10,45403,656,0,44,Dec
425,10 NEW SUV CARS UNDER RS 20 LAKHS LAUNCHING IN INDIA IN 2020 | NEW CARS LAUNCHING IN 2020,2019-12-07,58523,551,0,38,Dec
426,KIA TELLURIDE INDIA LAUNCH AND PRICE DETAILS | BIGGEST AND BEST KIA SUV,2019-12-02,53702,679,0,52,Dec
427,2020 VOLKSWAGEN T-ROC WILL BE 2020 CRETA RIVAL WITH BEST FEATURES,2019-11-30,22802,282,0,10,Nov
428,8 NEW INDIAN SUVS LAUNCHING IN 2020 IN INDIA | NEW SUVS COMING IN 2020,2019-11-29,70048,517,0,19,Nov
429,JEEP GRAND COMMANDER IS THE 7 SEATER SUV FROM JEEP | JEEP COMMANDER INDIA,2019-11-22,75629,852,0,25,Nov
430,MAHINDRA XUV400 WILL BE A KIA SELTOS RIVAL FROM MAHINDRA | MAHINDRA MID SIZE SUV,2019-11-20,51288,738,0,46,Nov
431,6 NEW 7 SEATER CARS LAUNCHING IN INDIA IN 2020 | NEW 7 SEATERS CARS COMING TO INDIA,2019-11-19,419162,2989,0,149,Nov
432,JEEP RENEGADE COMPACT SUV WILL COMPETE WITH THE HYUNDAI VENUE | JEEP RENEGADE INDIA LAUNCH,2019-11-18,27064,381,0,43,Nov
433,MG MAXUS D90 7 SEATER SUV IS THE NEW FORTUNER RIVAL| Mg D90 SUV,2019-11-17,47319,306,0,23,Nov
434,4 NEW KIA CARS LAUNCHING IN INDIA IN 2020 | new Kia Cars coming in India,2019-11-16,62177,477,0,18,Nov
435,5 BEST VALUE FOR MONEY SUV CARS OF INDIA | BEST SUVS IN INDIA,2019-11-14,820810,7084,0,547,Nov
436,2020 MAHINDRA THAR WILL BE THE BEST 4X4 SUV OF INDIA | 2020 THAR,2019-11-13,55581,422,0,32,Nov
437,"CADILLAC ESCALADE INDIA REVIEW, PRICE AND ALL FEATURES | THE BIG SUV",2019-11-11,77588,1915,0,97,Nov
438,MARUTI VITARA WILL BE A NEW KIA SELTOS RIVAL | SUZUKI VITARA INDIA LAUNCH,2019-11-10,29281,371,0,18,Nov
439,"5 NEW TATA CARS LAUNCHING IN INDIA IN 2020 | ALTROZ, HORNBILL, 2020 NEXON",2019-11-08,94423,828,0,53,Nov
440,SKODA KAMIQ WILL BE THE NEW KIA SELTOS RIVAL FROM SKODA | SKODA KAMIQ INDIA,2019-11-07,33387,431,0,50,Nov
441,7 NEW SUV CARS LAUNCHING IN INDIA IN 2020 | NEW CARS LAUNCHING IN 2020,2019-11-06,355363,2270,0,95,Nov
442,2020 TOYOTA RAIZE OFFICIAL DETAILS | TOYOTA RAIZE COMPACT SUV,2019-11-05,122206,926,0,49,Nov
443,"5 NEW HATCHBACK CARS LAUNCHING IN 2020 | ALTROZ, NEW I20, XL5 ETC",2019-11-03,78091,424,0,42,Nov
444,TOYOTA RAIZE IS THE NEW HYUNDAI VENUE RIVAL FROM TOYOTA | TOYOTA COMPACT SUV,2019-11-02,40007,198,0,17,Nov
445,2020 KIA MOHAVE IS THE BEST AND THE BIGGEST KIA SUV | KIA MOHAVE DETAILS,2019-11-01,52668,670,0,29,Nov
446,TOYOTA RUSH IS THE BEST TOYOTA FOR INDIA | TOYOTA RUSH INDIA,2019-10-31,155262,1969,0,153,Oct
447,HAVAL H6 IS THE NEW MG HECTOR RIVAL LAUNCHING IN INDIA | HAVAL H6 INDIA,2019-10-30,37332,391,0,54,Oct
448,TOYOTA RAV4 MID SIZE SUV IS THE BEST MG HECTOR RIVAL | TOYOTA 5 SEATER SUV,2019-10-29,432293,3548,0,72,Oct
449,"KIA RIO COMPACT HATCHBACK INDIA LAUNCH, PRICE AND ALL DETAILS",2019-10-28,31349,317,0,20,Oct
450,"2020 HYUNDAI TUCSON LAUNCH, PRICE AND ALL FEATURES | 2020 Tucson",2019-10-26,52892,419,0,28,Oct
451,TOYOTA ROCKY - VENUE AND BREZZA RIVAL INDIA LAUNCH AND ALL DETAILS | TOYOTA COMPACT SUV,2019-10-25,57444,394,0,35,Oct
452,2020 HYUNDAI VERNA ALL FEATURES AND LAUNCH DETAILS | 2020 verna,2019-10-24,93050,628,0,66,Oct
453,4 NEW MARUTI SUZUKI CARS LAUNCHING IN 2020 | 2020 maruti cars,2019-10-23,121511,721,0,42,Oct
454,2020 HYUNDAI CRETA VS KIA SELTOS - FULL COMPARISON,2019-10-22,80065,667,0,132,Oct
455,KIA STONIC - KIA'S VENUE AND XUV300 RIVAL INDIA LAUNCH AND ALL DETAILS | KIA QYI,2019-10-21,47618,442,0,46,Oct
456,4 NEW MG CARS LAUNCHING IN INDIA IN 2020,2019-10-20,124023,971,0,50,Oct
457,5 NEW MAHINDRA SUV CARS LAUNCHING IN 2020,2019-10-18,337563,3212,0,142,Oct
458,7 NEW CARS LAUNCHING IN INDIA IN 2020 | new cars launching in 2020,2019-10-17,89739,595,0,32,Oct
459,"CITROEN DS7 CROSSBACK INDIA REVIEW, LAUNCH, FEATURES AND ALL DETAILS",2019-10-16,37166,586,0,42,Oct
460,"KIA SORENTO INDIA LAUNCH, PRICE AND ALL SPECS | KIA 7 SEATER SUV INDIA LAUNCH",2019-10-13,42982,369,0,28,Oct
461,5 NEW HYUNDAI CARS LAUNCHING IN INDIA IN 2020,2019-10-12,143790,1117,0,104,Oct
462,"NEW 2020 HYUNDAI I20 LAUNCH DATE, CHANGES AND ALL NEW FEATURES | 2020 i20",2019-10-11,141507,970,0,35,Oct
463,2020 MAHINDRA THAR LAUNCH IN INDIA AND ALL FEATURES | 2020 Thar,2019-10-10,47987,306,0,23,Oct
464,"NEW 2020 HYUNDAI CRETA FULL INTERIOR AND EXTERIOR LOOKS , LAUNCH IN INDIA, PRICE AND ALL FEATURES",2019-10-09,22036,247,0,24,Oct
465,"2020 NEW MARUTI VITARA BREZZA PETROL LAUNCH, PRICE AND ALL CHANGES | Brezza Petrol details",2019-10-07,149803,1190,0,51,Oct
466,"MAHINDRA XUV400 - 7 SEATER XUV300 PRICE, LAUNCH AND ALL DETAILS",2019-10-05,39967,498,0,24,Oct
467,2020 HONDA CITY LAUNCH AND ALL DETAILS | HONDA CITY 2020,2019-10-03,157079,1229,0,79,Oct
468,"4 NEW MAHINDRA SUV CARS LAUNCHING IN 2020 | 2020 Scorpio , XUV500 , Bolero",2019-10-01,53437,703,0,74,Oct
469,"7 OR 6 SEATER MG HECTOR LAUNCHING IN INDIA - LAUNCH DATE , CHANGES, AND ALL DETAILS",2019-09-27,27550,274,0,17,Sep
470,MAHINDRA SCORPIO VS HYUNDAI CRETA - BEST SUV CARS OF INDIA,2019-09-25,32708,404,0,111,Sep
471,2020 MAHINDRA BOLERO CHANGES AND ALL DETAILS | Bolero 2020,2019-09-24,124499,1304,0,43,Sep
472,MAHINDRA XUV400 - 7 SEATER XUV300 INDIA LAUNCH AND ALL DETAILS,2019-09-23,793516,7449,0,146,Sep
473,MAHINDRA THAR VS SUZUKI JIMNY - BUDGET OFFROADERS,2019-09-18,29908,351,0,39,Sep
474,2020 NEW MAHINDRA THAR LAUNCH AND ALL CHANGES | 2020 THAR,2019-09-17,99929,751,0,28,Sep
475,VOLKSWAGEN T-CROSS NEW SELTOS AND CRETA RIVAL INDIA LAUNCH AND ALL DETAILS | T-cross India Launch,2019-09-16,42039,423,0,32,Sep
476,HYUNDAI PALISADE INDIA LAUNCH DETAILS | HYUNDAI PALISADE INDIA,2019-09-15,52485,1007,0,71,Sep
477,"2020 HYUNDAI SANTA FE INDIA - LAUNCH, PRICE AND ALL FEATURES | 2020 HYUNDAI SANTAFE INDIA REVIEW",2019-09-14,88404,859,0,27,Sep
478,TATA BLACKBIRD - SELTOS AND CRETA RIVAL INDIA LAUNCH AND ALL FEATURES,2019-09-12,49339,455,0,29,Sep
479,"KIA CARNIVAL INDIA LAUNCH PRICE , FEATURES AND ALL DETAILS | Kia Carnival India",2019-09-11,28554,186,0,5,Sep
480,3 REASONS TO BUY KIA SELTOS GTX+ AUTO VARIANT | Kia Seltos GTX Plus Automatic,2019-09-09,61125,421,0,29,Sep
481,2020 MAHINDRA SCORPIO DETAILS AND WHY ITS INDIA'S MOST ICONIC CAR | 2020 Mahindra Scorpio,2019-09-08,143256,1659,0,82,Sep
482,"2020 MAHINDRA THAR LAUNCH, CHANGES AND PRICE | 2020 Mahindra Thar",2019-09-07,1448438,10092,0,321,Sep
483,"2020 HYUNDAI CRETA LAUNCH IN INDIA, PRICE AND FIRST LOOK | 2020 Hyundai Creta",2019-09-06,165938,1149,0,53,Sep
484,"2020 HYUNDAI VERNA INDIA LAUNCH - NEW LOOKS , PRICE AND FEATURES | 2020 Hyundai Verna",2019-09-05,146030,1091,0,73,Sep
485,"HYUNDAI I30 INDIA LAUNCH - PRICE IN INDIA , FEATURES AND ALL DETAILS | I30 INDIA",2019-09-04,232066,1905,0,75,Sep
486,"2020 MAHINDRA XUV500 LAUNCH DATE, LOOKS, PRICING AND OTHER DETAILS | SSANGYONG KORANDO INDIA LAUNCH",2019-09-02,221276,1716,0,57,Sep
487,"TOYOTA ERTIGA INDIA LAUNCH -TOYOTA AVANZA VELOZ PRICE IN INDIA, FEATURES AND ALL DETAILS",2019-09-01,51194,545,0,16,Sep
488,2020 NEW MAHINDRA SCORPIO LAUNCH DATE AND ALL DETAILS | Scorpio 2020,2019-08-31,1062346,7042,0,189,Aug
489,KIA SELTOS HTE Base Variant full Exterior and Interior Walkaround | SELTOS BASE VARIANT,2019-08-25,46900,282,0,20,Aug
490,KIA SELTOS VS MG HECTOR - OFFICIAL COMPARISON | SELTOS VS HECTOR FULL COMPARISON,2019-08-23,19984,113,0,16,Aug
491,KIA SELTOS OFFICIAL LAUNCH PRICE IN INDIA | KIA SELTOS VARIANT PRICING,2019-08-22,30458,279,0,38,Aug
492,"TOYOTA C-HR 2019 INDIA - LAUNCH DATE, PRICING, HYBRID AND ALL DETAILS",2019-08-17,126994,1498,0,38,Aug
493,"2019 SUZUKI JIMNY GYPSY INDIA LAUNCH - PRICE, FEATURES, LAUNCH DATE AND ALL DETAILS",2019-08-13,90229,848,0,35,Aug
494,MARUTI ERTIGA VS TOYOTA ERTIGA VELOZ - FULL COMPARISON,2019-08-12,168859,1627,0,72,Aug
495,"4 NEW MARUTI SUZUKI CARS LAUNCHING IN INDIA IN 2019-2020 | VITARA, XL6, S PRESSO, WAGON-R EV LAUNCH",2019-08-10,142055,1041,0,46,Aug
496,MAHINDRA SCORPIO VS TOYOTA FORTUNER - FULL COMPARISON,2019-08-05,228640,3575,0,443,Aug
497,"2020 NEW MAHINDRA SCORPIO INDIA LAUNCH DATE, PRICING, FEATURES AND ALL DETAILS",2019-08-04,235949,1707,0,62,Aug
498,"2019 MARUTI SUZUKI ERTIGA XL6 PRICE, FEATURES, STYLING AND ALL SPECIFICATIONS",2019-08-03,42880,248,0,11,Aug
499,"7 SEATER HYUNDAI CRETA INDIA LAUNCH DATE, PRICING, FEATURES AND ALL DETAILS",2019-08-01,110552,539,0,18,Aug
500,KIA SELTOS MILEAGE DETAILS AND COMPARISON WITH HYUNDAI CRETA,2019-07-28,30696,218,0,12,Jul
501,5 BEST PAISA VASOOL / VALUE FOR MONEY SUV CARS IN INDIA 2019 UNDER 15 LAKH,2019-07-27,92450,545,0,47,Jul
502,KIA SELTOS BASE VARIANT FEATURE DETAILS AND PRICE - 10 LAKH MEIN PAISA WASOOL,2019-07-26,114724,567,0,55,Jul
503,MG HECTOR VS TOYOTA FORTUNER - FULL COMPARISON,2019-07-26,71917,970,0,63,Jul
504,"KIA SELTOS EVERY VARIANT PRICING, FEATURES, ENGINES EXPLAINED - BUY THE GTX",2019-07-24,23434,202,0,25,Jul
505,"KIA TELLURIDE INDIA LAUNCH , PRICING , FEATURES AND ALL DETAILS - THE KIA WE WANT",2019-07-23,181522,1904,0,66,Jul
506,THIS IS WHY KIA SELTOS IS TOTALLY WORTH RS 15 LAKHS,2019-07-22,16042,180,0,17,Jul
507,"HYUNDAI PALISADE INDIA - LAUNCH, PRICING, FEATURES AND ALL DETAILS | BIGGEST SUV FROM HYUNDAI",2019-07-20,470433,3809,0,141,Jul
508,"2020 HYUNDAI VERNA - SPY SHOTS, LAUNCH IN INDIA, CHANGES, PRICING AND ALL DETAILS",2019-07-19,71555,436,0,32,Jul
509,"KIA SELTOS FIRST REVIEW - ALL DETAILS OF PRICE, ENGINES, FEATURES, VARIANTS etc",2019-07-17,29962,203,0,24,Jul
510,MG HECTOR 7 SEATER INDIA LAUNCH AND ALL DETAILS,2019-07-16,94992,892,0,25,Jul
511,"2020 TOYOTA COROLLA - INDIA LAUNCH, PRICE, FEATURES AND ALL DETAILS | TOYOTA COROLLA INDIA",2019-07-13,57970,542,0,33,Jul
512,"2019 MARUTI SUZUKI VITARA OFFICIAL INDIA LAUNCH DATE, PRICING, FEATURES AND ALL DETAILS",2019-07-12,24914,299,0,20,Jul
513,"TOYOTA AVANZA VELOZ OFFICIAL INDIA LAUNCH, PRICING, FEATURES AND ALL DETAILS | TOYOTA ERTIGA",2019-07-11,316891,2648,0,81,Jul
514,"2019 MARUTI VITARA BREZZA PETROL OFFICIAL LAUNCH DATE, PRICE, FEATURES AND ALL DETAILS",2019-07-09,111204,868,0,31,Jul
515,"HYUNDAI KONA INDIA - INDIA'S FIRST FULLY ELECTRIC SUV PRICE, FEATURES, LAUNCH AND ALL DETAILS",2019-07-06,21470,204,0,22,Jul
516,KIA SELTOS OFFICIAL WALKAROUND AND ALL DETAILS,2019-07-05,36442,279,0,18,Jul
517,KIA SELTOS OFFICIAL INTERIOR AND EXTERIOR WALKAROUND,2019-07-04,139242,899,0,40,Jul
518,"2020 RENAULT CAPTUR - Rs 9 LAKHS SUV PRICE, FEATURES, AND ALL DETAILS",2019-07-04,34572,389,0,19,Jul
519,"KIA RIO INDIA LAUNCH, PRICING, FEATURES AND ALL DETAILS. Rs 5 LAKH CAR",2019-07-03,74899,629,0,29,Jul
520,"2019 RENAULT DUSTER INDIA LAUNCH, PRICING, NEW FEATURES AND ALL DETAILS",2019-07-02,22005,182,0,6,Jul
521,"KIA SELTOS PRICE IN INDIA LESS THAN RS 10 LAKHS, HERE'S WHY",2019-07-01,39613,388,0,25,Jul
522,KIA SELTOS FULL INTERIOR WALKAROUND,2019-06-30,55747,361,0,42,Jun
523,"FORD PUMA INDIA REVIEW, PRCING, LAUNCH DATE AND ALL DETAILS",2019-06-29,46840,443,0,26,Jun
524,"KIA XCEED INDIA LAUNCH, PRICING, FEATURES AND ALL DETAILS",2019-06-28,130524,1374,0,37,Jun
525,"KIA SELTOS OFFICIAL PRICE, SIZE, ENGINES AND ALL DETAILS",2019-06-25,73981,447,0,22,Jun
526,KIA SELTOS VS TATA HARRIER - FULL COMPARISON,2019-06-24,48458,328,0,54,Jun
527,TOP 4 REASONS TO BUY KIA SELTOS,2019-06-23,38586,274,0,12,Jun
528,KIA SELTOS VS MG HECTOR - FULL COMPARISON,2019-06-22,37562,277,0,58,Jun
529,5 NEW CARS KIA CARS LAUNCHING IN INDIA IN 2019-2020,2019-06-21,427158,2905,0,148,Jun
530,KIA SELTOS VS HYUNDAI CRETA - FULL COMPARISON,2019-06-21,108009,686,0,75,Jun
531,"KIA SELTOS PRICING, LAUNCH DATE, FEATURES AND ALL DETAILS",2019-06-20,15868,169,0,12,Jun
532,"KIA SELTOS OFFICIAL PRICE, LAUNCH, FEATURES AND ALL DETAILS",2019-06-20,49327,331,0,16,Jun
533,"RENAULT TRIBER OFFICIAL PRICING, LAUNCH, FEATURES AND ALL DETAILS",2019-06-19,20992,275,0,21,Jun
534,BEST SUV CARS UNDER ₹ 20 LAKHS,2019-06-18,89289,985,0,72,Jun
535,3 REASONS TO BUY RENAULT TRIBER,2019-06-17,27383,206,0,25,Jun
536,"KIA SELTOS PRICING, LAUNCH, FEATURES, STYLING AND ALL DETAILS",2019-06-16,184835,1002,0,48,Jun
537,"2020 HONDA CITY INDIA LAUNCH, PRICING, FEATURES AND ALL DETAILS",2019-06-15,41616,236,0,12,Jun
538,TOP 4 MID-SIZED SUV IN INDIA UNDER RS 10 LAKHS,2019-06-14,86655,560,0,51,Jun
539,"2019 MARUTI ERTIGA SPORT INDIA LAUNCH, PRICING, FEATURES AND ALL DETAILS",2019-06-13,59165,388,0,16,Jun
540,"2019 RENAULT DUSTER INDIA LAUNCH, PRICING, FEATURES AND ALL DETAILS",2019-06-11,46077,463,0,32,Jun
541,"KIA SELTOS/SP2I INDIA LAUNCH DATE, PRICING, FEATURES AND ALL DETAILS",2019-06-07,71807,453,0,20,Jun
542,4 CARS OFFICIALLY LAUNCHING IN INDIA IN JUNE 2019,2019-06-06,24335,178,0,14,Jun
543,MG HECTOR VS KIA SELTOS/SP2I - FULL DETAILED COMPARISON,2019-06-03,51014,367,0,71,Jun
544,"TOYOTA GLANZA INDIA LAUNCH, PRICING, FEATURES AND ALL DETAILS",2019-06-02,72601,320,0,30,Jun
545,"MG HECTOR OFFICIAL BOOKING, PRICING, FEATURES AND ALL DETAILS",2019-06-01,42433,254,0,21,Jun
546,"KIA SELTOS/SP2I - LEAKED IMAGES, LAUNCH DATE AND ALL DETAILS",2019-05-30,52265,283,0,17,May
547,"HONDA HRV INDIA OFFICIAL LAUNCH DATE, PRICING, FEATURES AND ALL DETAILS",2019-05-28,25407,168,0,14,May
548,TOP 12 CARS OFFICIALLY LAUNCHING IN INDIA IN 2019,2019-05-27,96866,543,0,19,May
549,4 REASONS TO BUY HYUNDAI VENUE OVER MAHINDRA XUV300 | VENUE VS XUV300,2019-05-26,22259,123,0,43,May
550,"RENAULT TRIBER INDIA LAUNCH, PRICING, FEATURES AND ALL DETAILS",2019-05-24,198290,1436,0,61,May
551,"KIA TUSKER/SP2I INDIA - PRICING, FEATURES AND ALL DETAILS",2019-05-23,30800,196,0,18,May
552,HYUNDAI VENUE VS CRETA OFFICIAL COMPARISON | MAIN DIFFERENCES BETWEEN HYUNDAI VENUE AND CRETA,2019-05-21,76622,428,0,59,May
553,"HYUNDAI VENUE OFFICIAL LAUNCH, PRICING, MILEAGE AND ALL DETAILS",2019-05-21,27419,209,0,14,May
554,HYUNDAI VENUE LEAKED PRICING AND ALL FEATURE DETAILS,2019-05-18,20083,156,0,19,May
555,TOYOTA FORTUNER VS RANGE ROVER EVOQUE - WHICH ONE DO YOU LIKE?,2019-05-18,382669,10366,0,1289,May
556,4 REASONS TO BUY HYUNDAI VENUE OVER CRETA,2019-05-13,70507,376,0,37,May
557,"TESLA CARS INDIA LAUNCH, PRICING, FEATURES AND ALL DETAILS",2019-05-12,41525,641,0,44,May
558,BEST SUV CARS LAUNCHING IN 2019 UNDER Rs 20 LAKHS,2019-05-10,15148,110,0,23,May
559,MG HECTOR VS JEEP COMPASS - FULL COMPARISON,2019-05-09,32843,190,0,31,May
560,"MG HECTOR OFFICIAL FEATURES, PRICING AND ALL DETAILS",2019-05-08,102874,747,0,36,May
561,HYUNDAI VENUE VS MAHINDRA XUV300 - FULL COMPARISON,2019-05-07,26545,142,0,37,May
562,"KIA GRAND CARNIVAL/SEDONA INDIA LAUNCH, PRICE, FEATURES AND ALL DETAILS",2019-05-06,50794,469,0,30,May
563,"JEEP GRAND COMMANDER INDIA LAUNCH, PRICING, FEATURES AND ALL DETAILS",2019-05-03,59480,658,0,15,May
564,"HYUNDAI VENUE BOOKING, VARIANTS, PRICING AND ALL DETAILS",2019-05-02,81301,356,0,26,May
565,"TATA BUZZARD/HARRIER 7 SEATER LAUNCH DATE, PRICING, FEATURES AND ALL DETAILS",2019-05-01,17246,162,0,7,May
566,HYUNDAI VENUE FULL INTERIOR WALKAROUND,2019-04-29,147039,896,0,55,Apr
567,4 REASONS TO BUY MG HECTOR,2019-04-27,62322,405,0,45,Apr
568,"TOYOTA RUSH OFFICIAL LAUNCH DATE IN INDIA, PRICING, FEATURES AND ALL DETAILS",2019-04-26,271138,2431,0,114,Apr
569,4 REASONS WHY YOU SHOULD BUY THE HYUNDAI VENUE,2019-04-23,37000,265,0,20,Apr
570,"HYUNDAI SONATA INDIA REVIEW, LAUNCH DATE, PRICING AND ALL DETAILS",2019-04-22,377239,4332,0,179,Apr
571,5 BEST FEATURES OF THE MG HECTOR,2019-04-21,144733,1058,0,74,Apr
572,HYUNDAI VENUE VS CRETA - FULL COMPARISON,2019-04-19,60705,273,0,45,Apr
573,HYUNDAI VENUE VS FORD ECOSPORT - FULL COMPARSON,2019-04-19,32996,150,0,55,Apr
574,HYUNDAI VENUE VS MAHINDRA XUV300 - FULL COMPARISON,2019-04-18,29513,180,0,32,Apr
575,"HYUNDAI VENUE PRICING, LAUNCH DATE, FEATURES AND ALL DETAILS",2019-04-17,627359,3132,0,96,Apr
576,HYUNDAI VENUE FIRST LOOK !!,2019-04-17,19243,102,0,2,Apr
577,"RENAULT KWID EV/ K-ZE INDIA LAUNCH DATE, PRICING, FEATURES AND ALL DETAILS",2019-04-17,27404,373,0,26,Apr
578,"2020 HYUNDAI CRETA - INDIA LAUNCH, FEATURES, PRICING AND ALL DETAILS",2019-04-16,44714,242,0,15,Apr
579,"2019 MARUTI VITARA INDIA REVIEW, LAUNCH DATE, PRICING AND ALL DETAILS",2019-04-15,135744,695,0,35,Apr
580,"VOLKSWAGEN T-ROC INDIA REVIEW, LAUNCH DATE, PRICING AND ALL DETAILS",2019-04-14,36749,356,0,27,Apr
581,"2019 TOYOTA RAV4 INDIA REVIEW, LAUNCH DATE, PRICING, FEATURES AND ALL DETAILS",2019-04-12,53516,438,0,28,Apr
582,"2020 FORD ESCAPE INDIA REVIEW, LAUNCH DATE, PRICING, FEATURES AND ALL DETAILS",2019-04-11,22083,265,0,21,Apr
583,"JEEP RENEGADE INDIA - LAUNCH DATE, PRICING, FEATURES AND ALL DETAILS",2019-04-10,88027,837,0,58,Apr
584,MG HECTOR VS HYUNDAI CRETA - FULL COMPARISON,2019-04-09,17637,122,0,19,Apr
585,"SECOND HAND RANGE ROVER, AUDI, BMW FOR SALE | USED LUXURY CAR MARKET IN DELHI",2019-04-08,23365,281,0,15,Apr
586,"2020 HONDA CITY - LAUNCH DATE, PRICING, FEATURES AND ALL DETAILS",2019-04-07,143412,653,0,54,Apr
587,MAHINDRA THAR VS JEEP WRANGLER - REAL COMPARISON,2019-04-06,126127,1327,0,178,Apr
588,"HYUNDAI VENUE - LAUNCH DATE, PRICING, FEATURES AND ALL DETAILS",2019-04-05,43429,173,0,11,Apr
589,"CITROEN C5 AIRCROSS INDIA LAUNCH DATE, PRICING, FEATURES AND ALL DETAILS",2019-04-04,16475,230,0,14,Apr
590,"MG HECTOR - LAUNCH DATE, PRICING, FEATURES AND ALL DETAILS",2019-04-03,96582,471,0,48,Apr
591,"MG HECTOR - LAUNCH DATE, NEW FEATURES AND ALL DETAILS",2019-04-02,28834,129,0,8,Apr
592,"2019 MARUTI JIMNY/GYPSY INDIA REVIEW, LAUNCH DATE AND ALL DETAILS",2019-04-02,19780,169,0,26,Apr
593,"HYUNDAI I30 INDIA REVIEW, LAUNCH DATE, PRICING AND ALL DETAILS",2019-03-31,245115,1707,0,55,Mar
594,"2019 MARUTI SWIFT SPORTS - LAUNCH DATE IN INDIA , PRICING AND ALL DETAILS",2019-03-26,43615,466,0,21,Mar
595,"2019 NEW FORD ECOSPORT - LAUNCH DATE , PRICING , FEATURES AND ALL DETAILS",2019-03-24,134189,680,0,64,Mar
596,"2019 MARUTI ERTIGA SPORTS - LAUNCH DATE , PRICING AND ALL DETAILS",2019-03-22,727221,4172,0,124,Mar
597,"2019 NEW MARUTI VITARA BREZZA - LAUNCH DATE , PRICING AND ALL DETAILS",2019-03-21,156681,907,0,55,Mar
598,"TOYOTA RAV4 INDIA REVIEW, LAUNCH DATE, PRICING AND ALL DETAILS",2019-03-20,608511,3031,0,87,Mar
599,"MG HECTOR SPY SHOTS, DETAILS AND LAUNCH DATE UNVEILED",2019-03-19,32489,145,0,5,Mar
600,"2019 FORD MUSTANG GT INDIA LAUNCH DATE, PRICING, NEW FEATURES AND ALL DETAILS",2019-03-18,25127,353,0,21,Mar
601,TOYOTA FORTUNER VS INNOVA CRYSTA- FULL COMPARISON,2019-03-14,46623,450,0,91,Mar
602,"TOYOTA ALPHARD/VELLFIRE INDIA REVIEW, PRICING, LAUNCH DATE AND ALL DETAILS",2019-03-10,65361,598,0,21,Mar
603,SSANGYONG KORANDA/2020 MAHINDRA XUV500 - FULL DETAILS,2019-03-09,20633,177,0,8,Mar
604,MG HECTOR VS KIA SP2I - FULL COMPARISON,2019-03-04,32790,232,0,44,Mar
605,KIA SP2I VS HYUNDAI CRETA - FULL COMPARISON,2019-03-01,13520,114,0,17,Mar
606,"TATA H7X - PRICING, LAUNCH DATE, FEATURES AND ALL DETAILS",2019-02-27,12127,133,0,15,Feb
607,"MG HECTOR - PRICING, FEATURES AND ALL DETAILS",2019-02-26,138956,601,0,47,Feb
608,"KIA STINGER GT INDIA PRICE, FEATURES AND ALL DETAILS",2019-02-24,23802,243,0,16,Feb
609,HYUNDAI STYX/CARLINO VS CRETA - FULL COMPARISON,2019-02-23,14839,103,0,5,Feb
610,HYUNDAI STYX VS MAHINDRA XUV300 - FULL COMPARISON,2019-02-22,10894,81,0,14,Feb
611,GIRL DESTROYES HYUNDAI SHOWROOM WHILE TESTING CAR,2019-02-21,244171,222,0,41,Feb
612,"HYUNDAI STYX/QXI/CARLINO - FEATURES , PRICING AND ALL DETAILS",2019-02-20,79821,360,0,29,Feb
613,2019 FORD ENDEAVOUR VS TOYOTA FORTUNER - FULL COMPARISON,2019-02-13,12456,175,0,28,Feb
614,"2019 FORD ENDEAVOUR - NEW FEATURES , PRICING AND ALL DETAILS",2019-02-12,92888,836,0,68,Feb
615,TOYOTA RUSH VS MARUTI ERTIGA - FULL COMPARISON,2019-02-10,36022,265,0,29,Feb
616,"TOYOTA RUSH INDIA REVIEW , PRICING , FEATURES AND ALL DETAILS",2019-02-09,95954,825,0,84,Feb
617,"KIA SP2I - PRICING, FEATURES LAUNCH DATE AND ALL DETAILS",2019-02-06,31370,260,0,10,Feb
618,KIA CARNIVAL VS TOYOTA INNOVA - FULL COMPARISON,2019-02-04,47853,341,0,49,Feb
619,MAHINDRA XUV300 VS HYUNDAI CRETA - FULL COMPARISON,2019-02-03,32169,120,0,28,Feb
620,BEST SUVs IN INDIA UNDER Rs 30 LAKHS (2019),2019-02-01,25305,230,0,11,Feb
621,MAHINDRA XUV300 VS MARUTI VITARA BREZZA VS FORD ECOSPORT - FULL COMPARISON,2019-01-29,13137,120,0,32,Jan
622,MAHINDRA XUV300 FULL WALK AROUND,2019-01-27,32949,264,0,15,Jan
623,TATA HARRIER VS MG HECTOR - FULL COMPARISON,2019-01-24,59230,334,0,80,Jan
624,"2019 MARUTI SUZUKI WAGON R - PRICING , FEATURES AND ALL DETAILS",2019-01-22,19984,106,0,4,Jan
625,MAHINDRA XUV300 VS MG HECTOR - FULL COMPARISON,2019-01-21,18732,126,0,37,Jan
626,"MAHINDRA XUV300 - NEW VIDEO , FEATURES , PRICING AND ALL DETAILS",2019-01-18,174046,1314,0,185,Jan
627,"2019 MARUTI WAGON R - PRICING, INTERIOR, FEATURES AND ALL DETAILS",2019-01-16,47190,315,0,17,Jan
628,"MG MOTORS - HECTOR , CARS , PLANS FOR INDIA AND ALL DETAILS",2019-01-13,5158,53,0,3,Jan
629,"MG HECTOR - PRICING, FEATURES , LAUNCH DATE AND ALL DETAILS",2019-01-11,146426,888,0,59,Jan
630,"MAHINDRA XUV300 BASE VARIANT PRICING, FEATURES AND ALL DETAILS",2019-01-08,30846,180,0,15,Jan
631,2019 FORD ENDEAVOUR VS TOYOTA FORTUNER - FULL COMPARISON,2019-01-05,228241,2744,0,724,Jan
632,"MAHINDRA XUV300 - ENGINES, CRASH TEST , FEATURES AND ALL DETAILS",2019-01-01,18359,139,0,8,Jan
633,BEST CARS OF 2018,2018-12-31,300,19,0,1,Dec
634,MAHINDRA XUV300 VS HYUNDAI CRETA - FULL DETAILED COMPARISON,2018-12-30,47985,303,0,55,Dec
635,MAHINDRA XUV300 VS TATA HARRIER - FULL COMPARISON,2018-12-29,40218,291,0,64,Dec
636,MAHINDRA XUV300 VS MARUTI VITARA BREZZA - FULL COMPARISON,2018-12-28,22265,176,0,21,Dec
637,MAHINDRA XUV300 VS NISSAN KICKS - FULL COMPARISON,2018-12-24,29362,176,0,25,Dec
638,MAHINDRA XUV300 VS TATA NEXON - FULL COMPARISON,2018-12-23,12946,73,0,16,Dec
639,MAHINDRA XUV300 VS FORD ECOSPORT - FULL COMPARISON,2018-12-21,14242,106,0,18,Dec
640,MAHINDRA XUV300 VS HYUNDAI CRETA - FULL COMPARISON,2018-12-20,145834,1087,0,137,Dec
641,"MAHINDRA XUV300 PRICING, FEATURES AND ALL DETAILS",2018-12-19,94096,523,0,40,Dec
642,TOYOTA RUSH VS HYUNDAI CRETA - FULL DETAILED COMPARISON,2018-12-18,23871,126,0,11,Dec
643,TOYOTA RUSH VS MARUTI ERTIGA - FULL DETAILED COMPARISON,2018-12-17,75259,513,0,111,Dec
644,TOYOTA RUSH VS TATA HARRIER - FULL DETAILED COMPARISON,2018-12-15,39086,286,0,60,Dec
645,"TOYOTA RUSH INDIA REVIEW, ,FEATURES , PRICING AND ALL DETAILS",2018-12-14,85519,768,0,104,Dec
646,MAHINDRA XUV 300 VS HYUNDAI CRETA- THE REAL COMPARISON,2018-12-13,10825,94,0,17,Dec
647,TATA HARRIER VS HYUNDAI CRETA- FULL COMPARISON,2018-12-07,8884,48,0,20,Dec
648,TATA HARRIER VS JEEP COMPASS - FULL COMPARISON,2018-12-05,10267,69,0,51,Dec
649,MARUTI ERTIGA VS TOYOTA INNOVA CRYSTA- FULL COMPARISON,2018-12-02,120068,1116,0,230,Dec
650,MAHINDRA ALTURAS VS TOYOTA FORTUNER VS FORD ENDEAVOUR- FULL COMPARISON,2018-11-27,28992,314,0,89,Nov
651,TATA HARRIER VS JEEP COMPASS VS HYUNDAI CRETA- FULL COMPARISON,2018-11-25,21671,115,0,77,Nov
652,MARUTI ERTIGA VS MAHINDRA MARAZZON- FULL COMPARISON,2018-11-24,15676,126,0,19,Nov
653,"2018 MARUTI ERTIGA- PRICING, SPECIFICATIONS AND ALL DETAILS",2018-11-20,27531,202,0,6,Nov
654,MAHINDRA ALTURAS VS TATA HARRIER. FULL COMPARISON,2018-11-17,19232,158,0,20,Nov
655,MAHINDRA ALTURAS VS FORD ENDEAVOUR. FULL COMPARISON,2018-11-15,13683,144,0,54,Nov
656,MAHINDRA ALTURAS VS TOYOTA FORTUNER. FULL COMPARISON,2018-11-14,78007,742,0,205,Nov
657,HERE'S WHY A TOYOTA FORTUNER COSTS Rs 35 LAKHS,2018-11-11,51895,963,0,39,Nov
658,CarVerSal Live Stream,2018-11-08,0,2,0,0,Nov
659,SKODA KODIAQ L&K FULL DETAILS,2018-11-07,10512,65,0,7,Nov
660,TATA HARRIER VS TATA NEXON- FULL COMPARISON,2018-11-03,22133,175,0,23,Nov
661,BEST SUVs IN INDIA UNDER Rs 15 LAKHS (2018-2019),2018-11-02,28114,118,0,12,Nov
662,TATA HARRIER VS TOYOTA FORTUNER- FULL COMPARISON,2018-10-31,119436,913,0,204,Oct
663,TATA HARRIER VS JEEP COMPASS - FULL COMPARSION,2018-10-27,24758,147,0,66,Oct
664,TATA HARRIER VS HYUNDAI CRETA - FULL COMPARISON,2018-10-25,18198,118,0,58,Oct
665,MAHINDRA XUV 700 VS XUV 500. FULL COMPARISON,2018-10-23,41323,380,0,24,Oct
666,MAHINDRA XUV 300 VS HYUNDAI CRETA. THE BATTLE OF MID SIZED SUVs,2018-10-15,29878,184,0,5,Oct
667,MAHINDRA ALTURAS VS TOYOTA FORTUNER. FULL COMPARISON,2018-10-14,58175,430,0,64,Oct
668,"2019 RENAULT DUSTER FEATURES, PRICING . BETTER THAN A HYUNDAI CRETA ?",2018-10-12,67611,364,0,16,Oct
669,"MAHINDRA XUV 300, PRICING, FEATURES AND ALL DETAILS",2018-10-07,15834,107,0,9,Oct
670,TESLA CARS PRICE LIST IN INDIA IN RUPEES,2018-10-02,150645,1894,0,48,Oct
671,MCLAREN CARS PRICE LIST IN INDIA (2018),2018-09-29,57905,1041,0,39,Sep
672,PROCEDURE OF MAKING YOUR OWN CAR BRAND,2018-09-24,37925,1647,0,128,Sep
673,DODGE CARS PRICE IN INDIA (2018),2018-09-23,116461,1504,0,29,Sep
674,CarVerSal Year 1 (2018). THANK YOU,2018-09-21,433,23,0,2,Sep
675,Here's why a Lamborghini costs 3 times in INDIA,2018-09-16,29818,847,0,66,Sep
676,BEST SUVs IN INDIA UNDER Rs 30 LAKHS (2018),2018-09-15,531677,4060,0,251,Sep
677,2019 Ferrari 488 PISTA Spider . FIRST LOOK,2018-09-01,31574,354,0,6,Sep
678,Lamborghini Aventador SVJ VS Mclaren SENNA !! THE REAL BATTLE OF THE TRACK BEASTS.,2018-08-31,5167,69,0,5,Aug
679,"PROCEDURE OF IMPORTING FERRARI CARS TO INDIA.PRICING, TAXATION AND ALL DETAILS",2018-08-13,4229,153,0,10,Aug
680,BUGATTI SUPERCARS PRICE LIST,2018-08-11,107175,1281,0,11,Aug
681,Lamborghini Cars Price List IN INDIA (2018),2018-08-04,14869,200,0,5,Aug
682,"Procedure of importing Cars From JAPAN to INDIA. Pricing, taxation and all details",2018-07-31,82102,2260,0,272,Jul
683,"PROCEDURE OF IMPORTING CARS FROM UK TO INDIA. PRICING,TAXATION AND ALL DETAILS",2018-07-28,20757,501,0,51,Jul
684,PROCEDURE OF IMPORTING CARS TO INDIA WITH ATA CARNET,2018-07-27,9871,256,0,44,Jul
685,"Procedure of importing Chevrolet Cars to INDIA, Pricing, taxation and all details.",2018-07-25,36728,1012,0,39,Jul
686,Procedure of importing Ford Mustang to INDIA. Price and all details.,2018-07-24,156179,3877,0,160,Jul
687,Thank you for 101,2018-07-22,625,33,0,5,Jul
688,"Procedure of importing USED CARS to INDIA. PRICING,TAXATION AND ALL DETAILS.",2018-07-12,158031,2695,0,266,Jul
689,Procedure of importing Mclaren Cars to India. Price and all details.,2018-07-07,31775,942,0,54,Jul
690,The CarVerSal Website.,2018-07-02,554,20,0,7,Jul
691,"Procedure of importing Lincoln Cars to India, Pricing , taxation and all details",2018-06-26,52130,1376,0,65,Jun
692,Procedure of importing Bikes to India .Import duty and all details.,2018-06-23,41396,736,0,104,Jun
693,"Proedure of importing Chevrolet Corvette to INDIA. Pricing , taxation and all details.",2018-06-21,25684,799,0,82,Jun
694,"THANK YOU FOR 10,000",2018-06-17,1097,51,0,12,Jun
695,Procedure of Importing Cadillac Cars to India .Price and all details.,2018-06-16,110901,2318,0,110,Jun
696,Procedure of importing Dodge challenger to India. Price and all details.,2018-06-14,225169,4684,0,285,Jun
697,"Procedure of importing Tesla Cars to INDIA. Pricing ,taxation and all details.",2018-06-10,10690,237,0,22,Jun
698,Importing Bugatti  to India .Price and all details,2018-06-04,6639,210,0,15,Jun
699,"Importing Chevrolet Camaro to INDIA. Price ,taxation and all details.",2018-05-07,107154,1832,0,123,May
700,IMPORT PROCEDURE OF A CAR TO INDIA || ALL DETAILS.,2018-03-06,10710,297,0,62,Mar
701,"Difference between BHP ,HP ,TORQUE , CC and RPM in detail [IN HINDI]",2017-10-20,5147,125,0,15,Oct
702,WHY ARE CARS SO EXPENSIVE IN INDIA ? EXPLAINED.,2017-10-02,5741,189,0,24,Oct
703,Import procedure of cars to India .All details,2017-09-24,33687,1119,0,278,Sep
